-4,-10,27,-66,-21,-11,-3,-4
-1,-4,14,-34,-6,-17,-2,-1
1,1,18,-11,-8,5,-4,0
-2,-6,-7,20,-4,-4,1,-2
2,4,-15,0,4,1,0,3
-1,0,27,9,-4,-1,-1,-3
-2,-6,-15,-18,-5,-5,0,-3
1,5,8,-7,-11,-7,-7,-2
-1,-1,-13,16,-37,-55,-10,-4
-1,-1,0,4,14,23,6,1
1,1,-41,47,1,-22,-7,0
-3,1,64,-83,-32,-1,-7,-5
-4,-5,6,11,4,-10,-4,-6
-2,-7,-79,-6,-23,-14,-9,-3
-3,-2,13,-11,-5,-2,-15,-4
0,1,7,35,13,-2,19,2
1,-2,-32,-27,-1,12,1,-2
-1,6,47,15,3,2,-1,-2
0,2,-5,-3,6,10,1,0
-3,-7,-27,9,-6,-7,-10,-3
2,2,14,-3,2,8,1,-3
-2,-2,-21,7,-1,-3,0,-1
2,-3,2,-23,-11,-16,-10,8
-2,-1,-13,0,1,1,0,-13
-3,-2,-4,5,2,8,3,1
-1,-2,-4,-9,-7,-10,-7,-3
-3,-3,2,-1,-6,-1,-2,-1
-4,-2,11,-5,-6,-7,-6,0
1,-2,-20,9,4,7,2,1
0,-4,-9,-12,-4,-4,-2,0
-5,5,35,23,6,1,-4,-4
-6,-7,-36,-11,-11,-6,12,-3
-3,-1,18,9,-9,-3,-13,-3
-1,-2,-25,-8,-8,-7,-6,-1
1,-3,-1,-3,1,2,12,-2
0,0,-15,-26,1,-6,-14,-1
-3,2,32,42,5,3,-2,-1
-1,2,42,-27,1,1,3,1
-4,-3,-19,7,-3,0,-2,-6
0,-2,-11,11,-2,-3,-7,0
-3,-1,-2,-12,-3,2,3,0
-1,0,22,21,-1,0,-1,-2
-2,-2,0,-13,-6,-3,1,-5
-1,-2,4,2,2,1,-2,1
-1,-2,-11,-6,-2,-1,-2,1
-2,-2,-2,13,-6,-5,-2,-2
-1,-4,-9,-6,-1,-5,0,-1
2,0,-5,0,2,2,1,0
-3,-1,4,1,1,-1,-4,-3
-2,-2,-13,5,-6,-5,-6,-3
-2,-2,0,-2,-6,-2,-1,1
-1,0,18,4,4,6,2,2
1,-2,-8,2,0,-3,1,1
0,3,12,3,-2,-2,-1,-2
-7,-10,-24,7,-5,0,1,-6
-1,1,9,-8,-3,-4,-3,1
0,1,-12,-12,-3,-1,-3,0
-2,-2,-1,18,5,1,4,-1
2,1,-6,0,5,4,2,0
-2,8,96,12,1,0,-2,1
-6,-14,-97,-36,-15,-7,-3,-5
0,-1,-1,-11,2,-1,-3,1
0,4,11,5,-4,0,1,-2
0,-1,-7,-17,3,1,2,1
-1,4,24,7,4,5,2,0
-3,-2,5,-5,-4,-3,-1,-2
-1,-3,-17,-11,-3,-4,0,0
0,-2,-23,7,-1,0,-1,-2
-1,1,11,2,2,-1,-1,-2
-3,-4,-24,-8,-5,-1,-1,-3
0,0,22,-5,-4,-5,-5,0
-2,-4,-30,5,-2,-6,-2,-2
-1,-2,12,4,3,2,0,-3
0,-1,6,2,5,3,0,1
0,0,-13,-7,-7,-2,-2,-2
-2,-3,-35,-22,-14,-8,-6,-4
2,8,42,33,32,10,4,4
-8,-12,-22,-20,-12,-7,-4,-5
-1,-3,21,-3,-3,-1,0,-2
0,0,-17,-19,-4,-1,-3,0
1,1,-9,-13,-8,-4,1,0
-1,4,29,27,2,-1,-2,-2
-2,1,0,-13,2,0,-2,-1
-3,-3,-11,2,-3,-1,-1,-1
-1,0,8,-1,-7,-2,-5,-1
-1,-1,-16,1,3,5,2,0
0,-4,-13,-6,-5,-6,-3,-2
-1,-1,-1,17,11,5,1,1
-1,-1,11,-6,-5,-4,-3,-3
-2,-2,-7,-9,-3,-2,-3,-1
1,2,7,7,2,2,0,-1
-2,-3,-13,-8,-17,-7,-3,-3
-1,-3,-2,14,11,-1,-3,-1
0,0,-7,-16,-10,-4,-1,-3
-2,0,16,2,0,2,2,-2
2,-1,-33,4,0,1,1,0
-6,-4,1,-12,-14,-4,-5,-5
2,0,-21,-2,-2,-2,-1,0
-3,-1,1,-8,-5,-1,-2,-3
-3,0,-6,5,1,-1,-1,-1
-3,-6,-11,2,1,2,2,0
1,6,34,9,4,0,-2,-1
-4,-7,-12,-7,1,-6,-2,-3
-2,-1,4,-1,2,1,1,-1
0,2,4,-6,-3,-1,0,-1
-3,1,0,-24,-27,-7,-1,-2
4,-2,-10,15,45,8,0,1
1,-8,17,22,10,0,-1,0
-8,5,0,-5,-12,-4,0,0
5,2,9,-60,-65,-10,9,18
13,3,5,86,73,24,7,57
5,-8,-10,-11,9,-9,-29,-95
-4,-1,-9,-17,-8,-5,-9,4
-6,0,25,33,-3,-7,-6,-10
-10,-3,11,-33,-33,-5,9,13
5,21,18,11,4,5,13,33
-6,8,4,4,-5,2,6,-4
46,-3,-33,-2,36,13,6,9
-26,-48,-24,-24,-32,-18,-22,-30
-7,6,-1,12,5,-1,-1,8
12,-6,-6,-25,-24,-7,6,7
-13,62,33,-84,-78,-3,43,118
23,15,7,75,93,23,7,85
11,-65,-41,52,45,-13,-79,-75
-98,-24,-5,-3,-8,-10,-40,-41
71,18,-10,-66,-14,2,21,56
-94,-69,3,-48,-105,-21,9,-46
-69,69,29,-43,-19,38,78,95
127,53,-25,122,107,38,91,20
-69,-114,-78,-13,-28,-33,-107,-128
-66,30,26,-38,-31,-27,-43,123
35,40,-1,-81,-41,-21,-10,-103
-84,65,32,-46,-45,12,100,122
-19,108,-7,54,14,27,23,-11
127,99,-11,35,-39,-15,-9,68
-9,-112,-13,-46,-83,-23,33,1
-53,9,-6,-102,-20,-9,-64,-99
73,49,25,-82,-22,-4,44,111
-26,-106,-49,-77,-38,-33,-123,-128
69,127,38,-36,19,19,57,127
44,-128,-16,-41,-46,-8,39,-34
-100,-47,18,68,80,13,64,112
49,127,-1,40,27,61,127,92
76,-40,16,89,30,-46,-110,-98
43,-46,32,-20,20,-28,-80,92
-25,-2,-46,-76,-44,-22,10,25
-43,-83,52,-88,-70,4,58,105
-99,76,-32,84,56,73,127,-10
-25,-49,-60,127,40,-33,-110,-19
17,41,28,-68,-5,-5,-32,-128
2,27,12,-104,8,18,30,82
-28,25,9,-103,-23,5,-2,-35
-15,2,21,-45,-36,0,18,62
-2,-33,-14,77,31,-1,-29,-19
-9,-18,-7,46,23,-1,-4,-60
15,-50,4,-5,-13,-10,-20,36
15,33,-8,13,2,7,2,-59
-5,-38,1,24,0,-2,-16,-24
-17,127,12,-120,-53,7,42,17
78,-49,-35,87,67,1,7,-32
-36,-40,10,-58,11,-18,-50,126
-17,1,-1,-58,-20,5,90,116
5,-60,71,-37,-16,-28,-45,-113
-2,111,-56,23,-5,-19,-51,83
-65,-54,-72,30,-18,-22,-74,-37
6,50,11,-82,-21,0,-20,85
21,64,-1,-102,-41,-3,87,96
-41,20,18,-117,-42,-3,38,62
86,86,16,-18,7,2,-9,-26
-20,-92,0,48,8,-10,-25,36
41,-10,-20,113,65,24,11,90
-79,-30,11,12,-9,-8,-87,-35
7,16,-4,-14,-18,7,22,73
-24,60,12,40,17,19,45,55
96,87,-4,-48,-34,24,77,-45
-35,-102,-10,-39,28,-73,-102,88
19,11,33,-107,-34,6,127,127
-48,50,-33,-52,-25,8,56,-128
-17,-38,-33,106,41,-24,-60,-128
16,0,36,-104,-51,22,38,60
-1,22,-8,61,44,16,4,-34
32,-61,1,-33,-9,4,-7,9
-17,-18,-31,-34,-7,-4,-39,-37
17,-24,47,-13,-31,-1,5,-41
-10,0,-29,-24,-5,-2,-2,-36
32,-7,7,46,24,4,-32,-33
-20,-18,-7,28,14,-17,-38,-38
-16,-12,-1,25,16,3,-11,36
18,25,58,-16,-20,6,13,-31
23,-15,-53,16,0,-14,-26,-48
-43,-31,14,31,17,-10,-41,-7
-7,-2,-22,-4,-24,-57,14,-14
98,38,90,27,7,59,-23,26
-67,-40,-11,-16,-7,-72,-59,-39
42,-27,78,-9,-4,-30,5,19
-41,60,3,63,27,-23,-77,97
-40,-64,-87,-62,-54,44,99,-99
40,-27,-66,-43,23,18,26,9
41,-35,24,-3,-7,-76,-74,-26
1,-34,-70,38,-13,90,81,-24
100,77,81,2,-8,-107,-73,65
-24,69,-20,73,22,-75,-81,8
-111,-55,35,29,10,64,-5,-16
79,21,83,-2,5,32,3,18
-94,9,19,49,24,109,118,8
49,-46,-80,-66,0,11,-58,-43
80,83,100,117,29,-94,-128,25
58,-44,-100,-95,-38,-11,4,14
-102,-9,85,61,-15,-114,-94,-38
-7,47,64,-4,45,89,47,79
-21,-38,-56,10,-31,-23,9,-3
100,-24,-64,-48,23,81,-14,-6
5,33,33,-36,-12,-30,-63,-3
22,-5,45,25,-17,-76,-90,-55
-41,8,4,32,32,65,53,32
-63,-30,-62,-8,5,-6,38,-7
22,26,79,24,-7,-11,-32,-19
-15,-27,-58,-60,-21,-40,4,-26
-25,-7,-2,10,-4,32,36,9
-25,22,5,-8,3,-24,7,-18
9,-13,-67,-20,12,-7,26,-36
18,19,127,120,20,65,50,41
-41,-39,-128,-128,-64,-26,10,-18
4,12,121,125,10,-21,7,-25
-12,-32,-50,-10,7,-7,-44,3
8,-1,52,27,13,28,47,16
21,20,12,101,9,-2,19,-1
-29,14,-5,-1,-18,-35,-29,-28
-8,5,-128,-100,-9,11,45,4
-8,-2,11,50,3,-2,-15,1
9,2,-30,-21,6,12,22,-11
-16,-3,-3,-15,-4,-19,-3,1
-4,-12,28,-6,5,-5,-30,-3
7,4,-36,90,1,5,-5,-1
-15,-4,-101,-128,-15,-7,-26,-4
2,-3,108,19,-8,2,25,-1
1,-23,-66,17,0,-4,3,-6
-6,-13,-13,27,-10,-8,-6,-4
-6,20,-12,-103,-6,2,-6,-1
-14,-15,56,58,-3,-35,-69,-10
12,1,-6,-43,10,38,73,8
-9,-9,-7,-28,-16,-3,-7,-3
-8,23,43,87,9,-3,9,-5
6,-9,-59,-73,-11,-2,45,-7
3,-2,-34,91,8,-11,-33,0
1,-4,44,-128,-14,-5,2,2
4,3,4,9,7,3,25,-1
-3,-4,-53,-8,2,2,-10,2
-6,-6,-13,20,-8,-4,11,-1
0,4,-1,14,2,4,3,-1
-1,-12,-29,56,9,-9,-26,-5
5,7,99,32,10,-12,9,0
-17,-17,79,-21,-6,4,-7,8
7,8,70,81,1,-3,-7,-5
0,-4,-9,-33,-12,-2,3,-1
-6,-7,43,56,15,5,19,1
-2,9,-58,-52,1,-2,-6,-1
-9,8,54,-10,4,0,2,-1
-1,-3,43,-13,-6,-1,5,-1
-3,-6,-81,23,-22,-4,7,4
10,-28,-14,-27,-30,-15,-9,-2
-1,17,-67,-9,47,18,-3,1
2,8,-72,106,62,17,8,-3
-16,-4,79,17,-8,-5,-11,-9
16,-25,-4,20,-2,-5,-3,-2
7,51,-10,-35,-29,-8,6,5
-3,0,127,45,5,7,8,3
6,-10,-15,-39,-32,-11,3,3
3,34,26,33,52,20,2,24
-1,-20,23,-12,-28,-22,-17,-34
-2,32,-43,-39,13,3,-11,-35
-10,-22,-49,-93,-23,-1,8,3
1,24,16,22,-13,-10,0,6
-7,-22,68,16,11,7,-5,24
-7,-29,-48,-46,-32,-13,-8,-26
3,20,-9,-19,4,3,4,-2
1,7,1,45,11,4,0,-10
7,15,-35,14,12,5,9,3
-3,-13,10,-8,-21,-17,-9,0
-11,-10,13,6,11,6,3,2
-8,-13,-12,-9,-4,-4,-5,-10
-5,-12,-33,-30,-23,-8,-6,-8
3,-1,34,-8,-28,-9,0,17
-7,19,-26,-44,-12,3,1,7
8,4,45,25,8,4,-6,9
-2,-26,-72,-22,-20,-8,-6,-22
-7,0,79,66,12,-3,-9,-16
-3,23,92,6,-10,-7,-3,-9
-6,10,-7,-44,-17,-1,4,-1
-1,-11,-9,10,13,7,11,29
6,-3,-7,-26,-7,-1,1,10
7,17,-74,26,13,6,-2,-6
-30,-11,99,-27,-12,-10,-8,5
58,9,-5,-2,-12,-9,-10,-30
-14,-25,-14,-2,15,15,17,10
-2,-5,-17,-5,9,2,-3,-4
3,-7,-41,6,4,4,3,-3
-17,-5,13,-1,-13,-9,-8,2
4,9,-3,-7,-4,-3,-3,3
3,-7,-25,3,10,0,0,9
-8,13,-13,-5,-9,0,3,-12
-3,0,-3,-6,-5,2,7,38
-6,-38,-39,-8,0,-11,-24,-62
-9,12,47,23,15,3,-4,5
9,4,61,-7,-12,-10,-12,8
-14,2,-24,-8,6,9,18,4
7,3,6,-4,3,5,11,28
7,-1,13,-11,-8,-4,-2,-7
12,6,15,27,19,0,-9,-9
-1,-8,-50,9,0,-1,-3,3
2,6,3,-5,-5,-3,0,10
-7,10,-4,8,0,0,-3,-8
0,-7,-38,-7,-5,0,1,-3
-16,-15,-7,-29,-16,-5,-1,-3
25,35,-21,61,33,1,-1,12
-75,-35,-8,-22,-2,-6,-6,-23
4,-19,-44,-10,-10,-3,-1,-13
-25,15,52,-26,-39,12,47,53
49,28,2,25,46,14,37,127
57,-18,-18,-52,-13,-25,-63,-81
-81,-22,-16,-96,36,7,15,79
33,-39,-12,122,96,4,-7,78
-54,-38,-12,-35,-37,-6,-48,-83
9,32,-4,64,4,7,53,127
107,35,-10,37,20,18,44,48
-108,-50,12,10,-64,-45,-73,-90
-3,-30,9,-32,-4,-1,-16,-4
79,74,-38,69,91,15,-44,-42
61,27,8,-76,-32,-7,-3,72
-30,42,-21,118,56,45,71,118
36,66,37,-41,-82,32,82,92
-100,-82,-19,-102,15,-36,-106,-117
127,71,26,41,15,-6,-68,-78
-28,-62,37,-128,-29,-3,40,46
-16,-11,2,6,81,77,94,89
101,-87,-82,33,-96,-22,-6,127
-39,42,-11,-67,-93,-47,7,-61
8,127,-41,65,22,-9,-32,-116
107,120,11,-82,6,-31,-64,-6
-58,-53,86,-32,-75,19,127,127
-60,-80,-94,33,21,-6,-61,-126
3,-44,25,-128,-98,-36,-62,63
-13,70,21,36,-5,16,42,110
-125,4,-80,-50,16,2,24,-82
-13,20,10,69,-21,-19,-6,127
-34,18,27,-69,58,27,-23,-36
-30,-28,32,-114,-72,-48,-66,-125
25,51,-54,53,79,18,16,80
-86,-101,25,1,-45,17,44,106
38,127,16,-54,-52,47,84,75
-66,-70,-47,17,17,-74,-79,-94
-22,-88,16,-27,-5,-27,-82,-72
60,99,42,49,22,16,54,121
-50,-69,-62,7,-4,14,46,70
72,-91,7,-128,-51,8,87,-17
2,60,34,-109,-56,-29,-43,-48
-44,-38,6,34,-2,-16,-34,53
127,24,28,-64,-33,-30,-40,-4
-53,-32,-10,32,4,9,50,127
60,-51,-24,64,62,-10,-66,-79
-35,-18,-71,38,91,10,-23,58
37,-56,-5,-55,-22,-16,2,18
7,34,-43,-39,20,17,19,47
41,73,38,-31,1,22,32,28
-54,0,36,-128,-86,9,46,-67
56,39,-1,127,87,29,75,77
-40,-3,-13,62,36,-42,-128,73
48,-99,23,-128,-72,5,81,16
18,-39,-18,-90,-9,-15,2,-29
-15,-7,28,-107,-55,-19,12,12
-2,0,6,5,-18,4,-4,-41
-7,55,21,63,14,8,6,-14
29,5,14,20,7,18,19,-21
22,-23,-47,51,29,-3,-39,-70
-46,-30,-34,19,-21,-8,-10,-69
2,36,12,11,0,5,10,36
-2,2,3,6,14,4,2,-52
-26,-1,33,13,0,-4,-45,-12
7,13,8,17,3,-20,-25,-11
69,33,15,-30,-15,29,41,-12
-11,-20,-47,-31,-19,8,0,-7
-45,-12,3,25,7,-36,-70,-47
51,-1,9,-18,-11,-19,14,90
-95,-5,-19,18,19,84,71,26
-13,9,-18,20,-2,-12,-14,-28
-36,3,-8,-15,16,-17,18,22
51,-3,-34,-5,-22,8,29,-7
56,30,29,-6,-11,-19,-54,57
-41,-9,-2,15,11,-27,-93,20
26,-9,-75,-22,-16,62,59,-18
-13,17,121,55,26,7,49,-24
1,46,-103,14,-2,-4,26,25
-40,-37,-108,-27,6,24,-13,-18
48,35,127,28,6,-49,-68,-38
-5,-43,-127,-26,-7,-4,-29,54
52,68,82,48,18,39,61,-15
-40,-45,-56,-81,-20,-32,8,11
-20,-62,54,-38,-21,7,3,-7
12,22,51,36,15,19,13,-41
-24,3,127,-37,-18,-49,-90,44
37,38,35,78,15,-2,108,-40
68,31,31,12,3,22,-11,2
-29,-13,-1,-41,-7,9,12,3
-27,-37,-115,-28,-6,-24,-13,7
59,21,67,20,-1,1,-6,10
-30,-3,-36,-5,5,1,-15,-13
-24,8,4,0,-4,-6,-9,-31
-10,-6,12,6,-1,-7,-13,7
2,15,2,-7,-2,7,-7,-3
-16,-20,-30,-13,-5,-13,7,6
-5,12,32,-10,-2,5,-21,-1
-23,-20,-97,-25,-12,-15,6,-7
11,4,61,-7,-8,2,-12,-2
-5,-28,-10,-3,-2,-8,0,2
6,-15,-3,1,-6,-1,-2,-11
-18,8,-31,-6,-1,-3,-7,-10
4,19,18,-4,-4,-2,0,-3
2,2,24,25,4,-6,-7,7
-16,-15,-74,-30,-8,4,-5,-14
-11,-14,20,5,-4,-7,0,-1
5,11,10,-14,-10,2,-10,7
-1,-4,-41,-6,14,-4,6,4
-8,-4,43,16,-13,-10,-13,-12
-6,-9,15,7,7,-3,0,-1
10,3,3,-6,-1,4,1,0
-4,8,-4,13,-8,0,-1,-4
-4,3,-29,-33,-5,-3,-4,-9
-5,-8,16,1,-10,-7,-6,-3
0,6,43,-22,0,0,-2,2
0,-20,-37,47,10,3,4,3
-7,14,-14,-12,2,2,-3,-1
-6,2,29,1,-7,-6,-4,-2
22,-16,45,-15,-9,-2,-6,3
-13,18,-23,1,5,-4,-4,-12
-2,-4,9,7,0,0,3,0
-1,10,14,0,-3,-1,-2,-3
-5,5,-8,-41,-28,-9,6,7
-6,-1,-8,41,53,4,-17,17
24,-4,-9,12,3,8,6,-25
-12,-17,-7,12,-7,-9,-28,-29
-27,-16,-21,4,-2,7,21,25
36,16,11,-98,-42,-8,41,96
16,11,-8,-8,-9,0,-10,-75
-34,-36,-5,31,47,-17,-45,-92
-31,21,-4,7,-15,-9,-31,5
41,25,4,50,2,10,41,85
0,-23,22,-86,-23,18,43,106
-48,-23,-61,20,7,56,127,-20
-23,-59,-55,37,67,-21,-84,-128
-42,84,27,-43,-20,-25,-94,-32
-75,0,-2,-43,-20,-34,-71,28
-21,19,39,-107,-50,8,42,127
39,106,43,-128,-44,44,127,127
36,-93,-74,94,93,14,-58,-128
79,-1,14,-95,-44,-28,-19,112
44,10,14,8,37,-1,-47,-68
-79,48,29,125,13,-5,-14,45
-22,-8,27,14,15,-8,7,78
-20,-100,-44,39,39,24,9,-86
2,-5,-25,81,-7,-8,18,106
-10,-10,38,-99,-80,-13,31,96
-80,99,-12,77,37,12,12,-71
-16,-10,30,-63,-41,50,100,109
102,27,31,-57,-56,-53,-7,66
70,-107,-87,29,29,-7,-92,-67
61,-7,2,27,-57,-78,-91,-70
15,98,13,116,-36,-34,-47,70
58,127,22,-95,7,30,105,127
61,-100,19,-82,-71,12,74,118
-8,77,29,-122,-56,0,-30,-68
-49,-83,-9,-7,29,-10,-27,-62
3,27,16,-34,17,-4,-30,10
-18,-54,0,-64,-19,-22,-54,33
-4,-14,-15,-74,-18,23,51,43
-21,30,-40,11,9,-25,-23,-58
-27,-42,20,-48,-41,19,11,7
0,71,39,-128,-12,3,23,11
-2,23,80,58,14,38,67,49
29,-56,-30,116,88,-25,-122,-12
-22,-14,-19,-38,-38,-25,-72,71
6,-67,-55,31,13,9,32,15
-16,9,-4,-122,-44,10,85,96
-7,74,20,6,-21,16,61,-26
-13,-26,-12,17,28,1,-28,-28
4,47,-5,92,32,-5,-5,-24
-5,-51,-32,-8,-1,3,8,31
-3,25,7,-98,-18,3,10,-27
45,-22,-14,25,8,-5,-6,-33
-16,47,-8,59,28,0,-27,-75
-10,-49,5,-42,-34,-19,-14,-14
26,34,-12,-16,0,10,22,-6
-32,-8,5,32,0,-9,-9,-57
0,16,-6,26,5,3,11,9
0,-35,-6,-18,10,0,-8,-3
5,9,-4,9,-3,-6,16,32
-22,-14,8,17,8,5,-4,-32
-2,12,-15,11,11,-2,-7,-27
22,-4,21,-13,-14,-1,-9,18
-9,13,0,7,-1,-19,34,-9
-31,-39,11,-29,-15,0,-22,-5
42,34,70,26,10,-34,-27,-40
-24,-20,-39,-13,-9,52,41,16
-17,-4,75,-6,-14,-22,-61,9
12,-28,-55,17,17,44,60,4
24,27,36,-10,-6,-18,-38,-28
82,37,37,40,4,-31,17,61
-28,-37,-112,-10,-5,8,-14,0
7,4,73,-15,-1,27,53,-36
-19,7,41,36,11,-5,-19,-10
-81,-21,-73,-24,-9,-2,25,1
103,41,-38,2,8,2,10,4
-24,-38,-36,-9,-15,-23,-39,2
6,7,22,14,11,17,42,27
8,-13,72,17,2,-12,-36,-31
9,26,85,9,14,7,25,9
-33,28,-6,28,10,-16,-56,-15
-76,-62,-112,-65,-30,-37,6,-6
-10,15,56,7,12,45,31,-16
54,24,78,2,12,43,21,-29
9,17,35,38,13,-25,-28,-8
25,-25,-32,-31,-22,11,-18,18
-80,-30,-48,-24,-10,-21,15,-8
34,23,102,35,8,6,-1,19
-11,7,24,-39,-15,-1,42,-9
-22,38,-38,36,16,-6,-14,-19
73,-17,-22,-10,-4,-21,-54,25
-73,-32,-38,-10,-4,5,74,-14
-4,27,107,43,4,-56,-62,4
17,-37,-51,-21,1,37,-51,20
20,-39,2,-47,-20,15,28,-46
-1,-10,17,-26,-21,-50,92,-30
-18,2,-2,1,23,96,-26,49
-55,33,64,24,-8,-47,33,-62
15,10,14,53,22,101,1,10
-72,-29,-108,-59,-24,-23,5,9
10,-14,75,-6,-18,-21,-16,-25
22,-1,25,1,2,-37,-37,5
-9,17,-1,-5,-12,-71,-36,12
-22,-6,-32,5,-3,-3,-75,-7
22,23,0,2,-4,-18,-16,1
36,18,-27,20,14,59,17,10
6,-26,-100,-25,-3,-23,-92,8
-9,3,61,1,-7,-21,40,20
11,3,-22,4,14,29,114,1
0,23,113,36,1,-11,-35,1
-24,-34,-50,-75,-17,-11,-23,-11
6,-2,17,50,-3,-41,-27,-16
-7,-11,-82,-41,-18,-36,-41,-13
-3,2,-7,-3,3,15,19,6
8,18,33,28,7,-15,32,-11
-7,-16,-42,4,9,26,17,15
3,2,9,-13,-15,-30,-11,-8
12,23,96,55,23,40,4,15
-20,-24,-62,-75,-21,-39,-35,-10
1,4,5,-15,-9,-2,26,1
-3,-11,42,23,12,36,-2,0
3,6,-39,-53,-13,-28,16,-5
-4,-3,32,17,1,-12,-31,-3
1,-1,-70,-4,6,15,-22,2
4,-5,-32,-7,-4,5,42,4
-3,-3,-32,9,8,-14,46,11
3,8,26,15,4,27,55,9
2,-1,39,29,6,31,-4,8
-2,2,-32,-2,-11,-27,-28,-8
-5,-12,-39,2,-3,2,-10,-4
2,13,40,-4,-3,2,20,2
2,1,13,2,1,2,-42,1
0,0,-10,18,1,-9,-15,0
-5,-7,61,-1,-4,7,-4,-1
2,8,8,38,-1,-4,45,1
0,-3,-29,-11,1,4,-29,1
-4,-10,-2,-40,-20,-9,5,-8
0,-17,-73,37,46,30,20,4
6,15,16,18,15,3,-7,1
-8,-18,-27,-33,-19,-7,-24,-6
0,2,72,22,-13,-12,-25,-2
-2,-5,-97,-45,-20,8,24,8
1,2,35,13,-2,-6,-24,0
3,1,12,15,12,12,60,5
1,3,1,3,8,6,8,0
-3,-4,64,-6,-10,-11,-5,-5
-3,-10,-80,-11,7,-3,7,-6
0,4,41,0,2,11,-15,2
-4,-5,-7,-13,-3,-2,0,-1
4,11,9,3,-3,-2,1,2
-9,-19,-21,-16,-17,-14,2,-7
0,1,23,-9,-3,-1,-22,1
1,9,-21,12,8,-1,0,-5
2,-5,-40,-2,-11,-1,1,2
2,17,71,28,-34,-13,-1,-1
1,-12,-73,-42,83,37,-8,3
-6,3,14,57,15,2,1,-4
-4,1,-27,26,-15,-3,-2,-5
5,2,-9,-27,-14,-5,1,3
-3,4,54,26,-32,-14,-13,-6
-8,-6,-59,-20,-11,-7,3,10
-12,-29,8,2,5,-1,-8,-9
-1,-1,-1,1,11,1,0,2
12,39,2,0,-15,-4,-4,5
-5,-15,-1,31,20,2,-1,-1
-14,-32,7,45,2,-4,-8,-9
-2,-2,-7,-22,-3,-4,-4,-3
0,-2,27,13,-9,-3,-7,1
-11,11,-23,-11,-14,1,6,-2
11,14,26,8,-22,-6,3,3
15,-5,-3,35,50,16,-1,-8
4,9,58,-14,7,-2,-7,-3
0,-16,-57,-52,-14,-8,-6,-5
-16,8,29,-30,-13,-6,3,-3
4,7,9,-87,-36,-7,7,10
-12,2,2,88,-3,-7,-4,6
22,-21,2,13,68,20,-10,-21
-17,-13,-6,-23,1,-2,-6,0
-9,11,20,10,-4,1,0,-3
3,-3,-46,-40,-30,-8,3,2
-2,13,9,-21,-25,-5,9,6
4,8,-15,-6,10,-1,-4,-1
-3,5,17,11,8,3,2,-4
-1,-3,-2,-6,-9,-7,-10,-2
6,-16,9,-8,-8,-2,1,1
-2,3,-4,-20,7,7,6,-2
-9,-6,0,-6,-12,-10,-17,-5
-3,-2,-9,18,13,3,-1,-3
-9,-1,-4,27,-10,-9,-1,12
7,-22,-13,-52,-4,-1,4,-29
10,16,-9,11,-7,-2,-1,0
2,-17,4,-3,4,2,-1,-1
11,8,12,-35,-17,-6,-8,1
-19,8,1,19,2,-3,1,0
2,-5,-5,13,9,0,-5,6
-6,-3,-9,-31,-12,-5,-6,-12
27,13,9,3,-10,-1,12,45
-15,-10,-11,-13,-5,1,-9,-48
0,-13,6,9,5,-5,-8,-6
8,3,9,4,1,3,4,8
-23,9,-9,-9,2,2,-1,-10
9,-17,5,14,1,-1,-3,27
-47,7,-11,-15,3,2,17,17
29,-29,-2,-5,-13,-7,-15,-42
12,-2,-17,19,18,4,-1,1
8,32,1,-1,3,1,3,16
-10,4,3,1,-8,-1,3,0
-81,-1,11,-74,-24,4,22,44
-9,29,-27,70,24,0,0,19
66,0,2,-98,-41,-5,19,-8
-3,-29,-14,114,20,6,-26,-25
-15,-53,-28,-12,17,-12,-68,-56
-46,6,8,-73,-41,-13,21,66
-112,-52,-8,-3,-7,4,33,104
116,92,24,-34,-92,-14,13,86
81,-56,0,-65,5,15,54,-13
-30,-78,-11,-58,-23,-33,-128,-101
-24,67,-4,-55,10,11,41,127
-80,20,-7,-42,-6,0,49,-45
95,111,43,-49,-25,43,120,127
-13,19,-18,66,59,-37,-5,-80
127,87,48,-13,28,-19,-34,58
70,-128,-52,36,-4,-57,-119,-119
11,57,23,-49,-3,-25,-3,102
123,9,-6,-63,-43,20,66,82
-54,-38,-18,73,16,-2,1,-77
66,109,11,-98,3,37,46,75
-93,-42,-24,104,39,-1,-3,83
72,-39,15,-88,-57,25,123,54
-84,84,34,-3,-37,3,-104,-86
3,-27,33,91,87,-16,-33,-66
-24,-104,-25,55,40,19,11,-47
-25,127,58,-48,9,5,-5,40
60,-78,-9,-124,-42,50,83,-91
-105,6,1,57,78,-8,-63,27
-20,-44,-24,-65,-44,-18,31,78
-51,-12,0,25,24,13,18,17
51,-4,-14,-81,-12,-10,-2,65
85,55,20,-13,-13,20,85,127
-71,119,15,15,32,12,-125,-128
94,-19,3,-93,-41,-19,-3,127
-58,-64,-87,115,79,-22,-83,-40
115,41,-1,-94,-35,22,51,18
-29,-19,-17,-128,-22,-28,-73,86
-73,-25,13,21,-10,-13,-38,-128
37,-71,-20,84,-27,-23,14,48
-28,62,30,-20,13,-24,-95,45
-11,74,18,-96,-82,-9,69,85
-128,-63,-33,-7,23,23,10,-114
-6,57,14,36,44,26,109,127
-4,-128,5,-72,-6,8,-64,-58
109,34,0,-47,-76,-22,-39,7
127,68,14,13,57,36,57,127
-54,-40,31,-51,-14,-14,-34,80
-37,65,-29,-58,-8,30,84,10
60,-115,3,16,3,-6,-51,-65
-60,21,-8,26,-12,-21,-40,6
81,-13,-4,21,9,-6,60,0
-107,5,-15,-28,-25,5,-5,72
127,-94,-42,63,20,-13,-39,-91
-90,-128,-33,24,-25,-31,-88,67
46,108,35,-128,-74,-28,34,105
-42,-59,-24,87,77,21,20,31
-15,126,9,6,27,13,56,-16
32,27,-20,-57,-12,6,-3,10
-9,0,2,-34,-22,-7,-28,-73
-82,-13,-54,-2,-24,22,127,127
-49,87,-31,51,28,-13,-83,-60
-12,-99,-8,-9,-1,-4,59,89
-22,47,-2,54,7,-1,11,93
-44,-5,18,2,-16,-1,17,-17
-115,78,63,-91,-29,19,105,19
77,52,-61,90,70,25,-112,-63
-110,25,14,-49,0,7,30,48
117,-110,-16,-92,-51,-18,-51,-128
-114,82,39,-38,-3,-11,-25,117
41,66,18,-42,-51,-12,-34,-73
22,70,-54,93,86,23,7,-39
47,104,36,-113,-39,-9,-26,119
51,-112,-32,127,49,3,4,76
-123,124,53,-6,2,-23,-47,-18
110,-128,-25,-56,-43,-42,-71,16
-23,68,-41,88,-3,-27,-14,37
50,34,-8,20,4,17,62,60
-25,-10,16,-25,-14,22,82,36
-6,16,16,-71,-5,8,21,56
-58,110,46,-72,-74,-1,99,-27
-2,-69,-112,86,53,1,-53,-110
26,70,5,69,78,3,43,92
68,-58,14,-28,-26,9,71,12
-116,-98,-7,-104,-17,18,77,72
-15,44,46,-20,-22,8,-10,91
12,-31,6,-43,-31,-16,-7,23
-20,56,-6,23,5,1,10,-7
47,6,10,26,16,-15,-102,46
15,-19,2,-21,-8,-14,6,43
-66,72,19,3,5,20,33,44
43,-45,-22,-6,-103,-18,93,85
-4,-74,-8,127,110,-49,-95,16
-94,37,18,-33,-26,-27,10,48
20,-107,-23,-48,-26,3,43,97
-40,127,21,-35,0,21,-14,-17
17,38,-4,-22,-18,1,-5,-26
-2,14,2,4,5,12,-18,-11
56,-26,13,-33,-13,-7,60,-14
-4,-38,2,24,24,-5,-71,-113
16,-50,8,19,5,-17,-85,-73
4,-3,22,-7,11,32,80,8
-9,-17,-27,-16,-21,-7,-1,-84
-32,-25,-2,27,22,1,-26,-60
-5,43,51,14,3,-2,-6,-36
24,-11,34,-13,-11,-19,11,18
1,-54,-77,-39,-20,3,9,-34
-16,-7,-49,4,12,-13,-31,-37
2,0,68,-23,-17,1,15,28
50,6,100,4,-7,-18,40,25
-22,41,73,38,25,32,25,-8
3,75,-21,-22,14,3,-53,2
6,28,-32,-16,-13,9,64,3
6,68,61,17,1,-1,-26,-20
28,65,56,43,19,-3,-16,15
-64,-64,66,-29,-22,-32,0,-21
9,-44,67,7,-12,15,16,1
24,-66,-1,-14,-1,-6,-1,-17
11,-30,-11,-10,-1,0,-10,21
1,-3,56,46,28,15,0,-4
62,-25,-84,12,15,4,17,25
-71,-76,-106,-20,-19,-9,-15,-38
-1,-5,114,-31,-18,-9,-3,-4
-15,-53,-101,-4,3,2,-22,-9
-2,-17,-23,-19,-7,-7,3,-1
21,20,-49,20,15,20,17,8
-31,-6,-128,-16,-9,-7,-23,-14
-8,16,127,10,-3,-3,4,14
-8,22,41,20,9,12,8,16
21,4,33,-2,-4,-3,3,6
-23,-61,-92,-35,-9,-7,-17,-24
14,24,45,4,0,-1,-9,10
-9,-2,-49,-13,-9,-5,8,-8
-25,-14,-10,-15,-6,-6,-9,-8
32,43,127,27,4,-3,-1,11
13,11,-43,20,12,16,4,4
-30,-44,-53,-45,-10,-9,-18,-8
-1,19,95,21,3,-2,4,3
2,2,-3,3,-2,0,-3,-5
0,35,53,13,5,5,0,-7
3,3,5,4,0,0,1,-6
-12,-30,-128,-28,-4,2,0,-6
-4,-5,90,5,-15,-12,-9,5
-22,25,97,6,-3,2,-7,-37
-11,-9,-71,-18,0,-2,4,2
-2,-20,65,6,7,9,5,-12
7,69,105,27,5,1,-2,10
13,-35,-112,6,10,4,-1,1
-20,2,-22,-30,-14,-6,3,-4
-13,-17,36,-25,-18,-8,-11,-24
14,-4,54,10,3,2,-1,3
0,7,53,11,7,1,3,12
9,13,-8,39,12,6,10,-2
5,8,-23,-19,-4,-3,-2,4
0,-26,-77,-3,-9,-2,-4,-5
-1,-7,-94,-7,-6,-8,-6,-2
-1,-2,9,5,-1,1,0,-3
3,10,-3,8,8,4,7,-6
5,10,-4,-1,1,4,-3,6
-13,-28,-85,-22,-9,-10,-8,-8
-4,-6,-61,11,-3,-3,-3,-5
1,6,63,-17,-6,-1,-2,0
-2,-4,-20,2,5,-4,0,0
0,21,64,-19,-8,-4,-7,1
5,-49,29,13,4,2,3,-1
2,67,-31,5,-2,-2,-2,-3
-9,11,7,-7,-6,-6,-2,-2
4,-19,-33,-13,2,4,1,0
1,5,64,-7,-5,-6,-5,-4
-6,-13,-58,-3,-5,-4,-4,-5
-5,-48,-52,-16,-7,-2,-4,-2
3,10,44,11,5,2,5,4
5,30,40,3,6,6,4,-1
1,-33,5,-2,0,-1,0,2
-5,18,-30,-9,-7,-8,-10,-6
3,17,4,11,4,6,5,4
1,30,6,-1,0,-2,-1,-1
6,-10,11,-17,-35,-1,20,15
-16,-6,-53,29,36,2,-25,-25
-6,-17,-28,-3,-4,-7,-16,-3
-6,-13,35,-28,-44,-11,1,-5
-3,-37,-33,43,92,11,-21,-16
3,19,-19,-37,-37,0,24,18
-7,-8,-5,-3,-9,-2,15,50
3,17,4,5,11,-3,-1,6
4,15,7,49,-99,-17,3,54
-46,-52,-9,5,64,10,-29,-107
7,5,9,-25,-12,-2,-8,-1
11,-8,32,-25,-24,1,7,100
-24,2,-30,64,-56,-13,19,-59
67,18,-8,-36,39,15,38,120
1,4,6,-61,-35,-12,-3,-24
-50,-29,-5,-46,9,-4,-22,15
-9,-1,8,6,-14,11,39,62
89,-32,40,34,-4,-5,-27,-78
-51,3,-14,-27,-14,-14,-55,40
43,31,-8,-41,-37,1,30,62
-58,46,-4,-73,65,-6,-47,-121
-12,74,21,35,9,8,44,127
-47,-60,-7,-53,-32,19,65,-56
50,21,5,27,-67,-31,-70,-128
-45,-118,-23,-77,36,29,30,69
-39,63,-2,-100,-101,7,36,-84
2,-44,-18,91,25,-32,-62,-41
49,-21,-28,29,3,-14,-13,13
-11,3,-6,-56,4,-14,22,67
-114,-18,-19,-27,28,-2,15,-41
77,-24,26,-88,-58,-6,41,127
22,81,10,-29,25,-2,5,-56
-33,-86,-31,117,86,16,54,82
113,65,-40,-35,-22,-30,-98,4
-21,-10,1,-12,39,-8,-117,55
12,1,-8,50,54,4,-59,-1
49,54,5,-64,-47,9,14,86
-7,-35,-6,-41,-39,-10,36,24
-7,-1,-18,30,5,18,78,17
-30,-11,1,1,9,15,23,20
23,29,6,-18,-36,-17,-44,-50
-11,-70,-2,13,-11,-5,-15,-29
24,23,5,15,18,8,1,-43
-50,-40,7,-15,-6,9,29,-16
31,21,23,-20,-11,-12,-35,-82
-16,-21,20,30,4,1,6,15
-14,12,21,16,9,3,10,-38
-18,3,24,8,10,4,14,10
4,4,27,-16,-15,-2,-9,-15
2,-1,41,55,0,-1,-3,42
1,15,12,14,3,7,9,0
-13,-26,-2,-14,-10,-4,3,-6
24,17,-12,-13,-6,-3,-20,-4
-21,-18,-17,-14,-19,-10,0,11
3,12,-10,2,6,4,7,-26
-10,-12,-13,8,9,6,12,10
1,4,1,-4,-7,-6,-15,-15
-7,2,-14,3,2,1,-1,14
-7,3,-20,5,-2,0,19,22
-10,-4,-10,-8,7,1,-5,-11
3,6,-2,0,-6,0,-13,13
-1,-13,-7,-5,-3,-1,6,71
3,10,0,6,7,3,-14,-16
-12,-9,-8,-11,-11,1,12,45
7,3,4,-7,-8,-7,-10,-15
-4,-7,-5,4,5,2,8,19
-4,2,1,-2,-2,-3,2,-10
-1,2,7,2,1,2,0,-13
0,-3,2,4,0,2,1,-4
-1,0,2,-3,3,1,-2,-14
-3,5,-5,-2,-4,-4,-1,-8
-3,-7,-4,-6,-4,-3,-3,-10
4,3,9,0,-1,-1,0,1
-7,-5,2,2,4,8,0,-9
-1,1,1,-3,-4,-5,-3,-15
-3,-2,-1,5,1,2,5,14
0,-3,-9,-4,-3,-4,-2,2
-2,4,7,-1,-4,-2,-6,-25
-1,-5,-17,0,3,1,4,5
-3,-2,1,-8,-4,-4,-1,4
5,6,24,6,0,1,-5,-2
0,1,-7,0,3,1,0,-4
4,25,55,9,1,1,3,3
-11,-33,-60,-30,-13,-3,-8,-5
1,10,70,4,-11,-10,-2,-10
-6,-5,32,7,8,6,5,3
2,5,35,3,0,-3,-4,1
1,5,-49,-2,4,2,3,3
-4,-6,-35,-11,1,0,-52,-43
7,2,-3,-1,-5,-3,53,53
-3,0,-37,-3,0,-1,-1,-1
-2,-2,16,6,0,-4,3,-1
-5,-6,-3,-3,-1,-1,-2,2
1,3,7,11,5,2,-18,-16
-1,-5,23,20,6,4,-9,-9
0,5,-30,-47,-9,1,-23,-1
-6,-9,-27,-7,-14,-11,37,10
-6,-7,2,-15,-8,-5,-13,-11
5,-8,3,-43,-25,-7,8,10
6,14,47,68,40,10,-6,-3
0,-2,31,-2,5,3,-28,-26
-12,-18,-97,-29,-21,-11,20,-5
-3,-4,20,-9,-9,-4,13,8
-2,7,43,-3,-15,0,5,-4
5,2,4,-5,5,3,16,17
3,9,23,19,13,2,-20,-15
-5,-8,-22,-6,-7,-2,-19,-15
-1,-9,-9,-6,-4,-5,19,11
-2,-2,1,9,4,0,-2,-2
-2,-4,0,-7,-5,-8,-23,-12
0,1,-28,9,14,8,9,4
-1,22,33,-1,-3,1,0,-1
3,-4,-15,7,5,-2,2,8
-1,11,-29,-9,-9,-7,-9,-4
-2,3,-5,-2,1,-5,4,3
-1,0,12,-10,-11,-3,4,-1
1,-3,5,14,-10,-4,-7,-3
-9,4,15,-7,18,3,4,3
18,0,-6,0,-11,-3,-6,-4
-7,-4,-13,14,13,2,-4,-5
2,5,-10,-22,-26,-3,9,8
-2,16,12,-24,-10,1,15,9
18,-18,-16,66,-6,-10,-43,-23
-34,-38,10,-8,-9,-7,0,-2
45,-5,-12,-6,19,5,12,6
-39,1,11,0,-11,0,-9,-1
4,-18,-16,-25,-2,0,8,12
-16,11,1,-8,-3,4,14,-22
16,-7,-3,35,-1,-11,-24,13
-61,-4,4,-52,-33,1,-1,-1
-11,1,-3,-27,11,8,20,-18
18,-20,5,45,30,-3,-13,34
28,23,-3,60,-9,2,10,-62
10,24,8,-61,-15,-9,-11,-9
-35,19,36,-52,-78,-17,-12,59
87,-24,-14,8,70,29,31,90
39,7,15,-72,-59,-24,-2,29
43,-19,-13,127,117,23,-34,45
-19,-24,15,-50,-24,3,18,-73
-9,107,39,-89,-46,-10,-26,85
-113,-98,-17,-101,-47,11,67,123
-17,42,-18,76,69,13,-42,-106
1,84,9,-82,15,-7,7,127
-24,-98,10,-56,-26,2,-58,-68
-75,-6,-20,77,104,15,-6,-42
23,46,-24,-109,-80,-17,46,99
-32,64,1,55,12,18,20,-97
120,-50,-10,-64,-43,26,44,91
-88,70,15,26,6,-4,-67,-128
-35,-21,-13,83,82,52,84,-45
24,-40,-14,58,47,12,-8,39
28,102,32,-23,-14,12,101,100
-22,-27,9,59,33,6,-7,-74
112,-81,-4,-105,-86,-25,26,100
40,31,-18,102,39,-10,-40,-78
-100,48,-28,64,25,-13,-28,-65
-50,-35,-26,-76,-64,4,66,127
19,73,28,-114,-89,-23,-59,-54
-52,-123,-37,-102,-36,-8,-54,-58
35,30,-4,-81,-54,-9,4,81
-34,-54,3,104,63,-34,-114,-117
61,54,18,-2,-12,6,-7,-5
-51,-109,-39,-121,-59,-16,21,127
-100,81,9,-40,-30,-37,-59,-128
63,-14,-46,-17,16,18,32,52
-101,1,18,19,-5,-9,-47,-46
36,42,12,-40,-34,-37,-29,-25
45,40,-5,32,3,-8,72,-19
22,40,6,-47,-29,-5,-8,30
6,-77,-7,18,-8,-14,-4,-18
-16,20,4,-9,10,7,28,0
-20,-6,-8,76,-2,-7,-8,-8
124,-17,5,32,39,23,40,107
-65,-125,-23,-38,23,-6,-63,-55
46,24,18,-34,0,14,41,123
4,-40,-13,-36,-9,-13,-47,0
105,56,5,-66,-32,18,79,-29
-80,1,12,60,67,-8,-41,-23
10,-37,26,8,8,13,-6,24
-11,-64,17,-14,-8,-3,-21,-17
-26,53,32,-64,-24,2,15,41
11,-20,19,33,-17,14,75,127
7,-19,16,11,4,-9,-28,48
-71,48,36,42,34,12,-16,18
-104,71,16,-32,-17,3,-3,63
99,-71,-40,-36,-29,-23,-30,-48
-22,74,-7,52,24,22,21,33
53,8,24,6,2,3,29,70
-36,-54,-55,-36,-26,-24,-46,13
48,127,16,5,-1,-11,-6,108
-83,-39,-64,-11,1,5,-60,-54
2,72,-32,-22,-13,-11,-18,42
37,14,-1,-23,-15,7,26,80
-1,13,-13,-11,-19,-17,48,-25
39,127,36,26,14,-12,-31,95
75,-128,-54,-15,-6,-4,2,77
-68,61,8,6,-2,-1,12,127
88,-17,-19,-26,-8,17,33,-49
-70,10,-22,-7,-14,-31,38,71
81,64,24,5,13,51,52,-4
71,-53,-43,7,-25,-86,-96,-89
-76,49,28,-27,20,2,14,127
51,47,5,0,0,8,85,42
-67,28,-11,5,1,-22,-16,-60
-52,-47,11,-20,-11,14,127,101
60,89,29,8,-9,24,18,94
-100,-128,-83,-14,-12,-30,-92,-82
6,95,-13,-15,-2,22,42,14
23,71,36,-4,6,3,12,-128
-42,6,5,7,-10,-26,-30,104
111,78,23,-12,-1,40,78,81
-28,-23,-28,-8,-8,-23,-113,-128
70,-82,-9,-13,-7,7,39,54
-16,-68,14,14,-10,-55,-94,-21
-72,109,21,11,7,2,-2,0
-28,-4,-13,-2,3,-9,36,101
-46,33,26,5,13,19,15,-18
-128,53,-21,-20,-8,45,114,96
-30,52,26,21,12,-1,-58,-106
-24,-64,-15,-21,-27,-54,-33,-23
-123,-79,-15,-10,-5,-17,-126,-6
8,105,18,14,5,21,-7,81
-1,1,-4,-10,-8,-13,12,-36
-54,9,5,-2,-4,21,49,57
106,15,3,4,13,18,42,96
-3,-66,-13,-5,-3,-8,-79,-126
-4,-7,15,9,2,3,33,2
-3,-42,4,8,8,8,-22,43
14,-12,-11,-12,-7,-12,-28,-54
2,-1,14,8,2,4,31,-11
19,-41,-9,-4,5,12,50,20
-1,-23,3,5,5,5,-27,-28
-38,47,1,-4,-2,-3,31,-93
-35,-10,-13,-10,-5,8,25,-15
9,-24,3,1,0,-4,-1,-38
-39,-9,-9,-7,0,-6,-5,43
71,39,25,35,-10,1,-11,24
-57,-59,-34,-19,25,-11,-50,18
22,22,-1,2,-1,0,3,55
-5,16,19,-11,-1,1,-13,-14
-4,58,2,13,12,18,12,43
21,-11,5,3,-15,0,35,-1
18,-31,-4,-1,-3,-8,-38,-54
-35,10,-3,2,8,6,29,17
-28,-4,12,-11,-5,-2,-27,-19
17,-3,-45,-10,-11,-6,8,-45
-6,-8,-4,1,3,5,-5,34
16,-9,0,4,-4,0,8,-29
-8,-4,-1,-10,5,-1,-17,5
10,0,46,13,1,-2,-14,-24
18,1,-8,-7,-5,12,22,18
-6,-26,-15,-2,-5,-9,0,-13
-15,3,5,-7,1,-3,-27,12
-13,17,8,-6,-8,0,9,-55
-1,-8,12,4,-2,-2,-8,9
-2,0,0,9,7,-2,4,3
-16,13,-3,-8,6,5,-13,15
16,7,-13,5,-6,2,12,8
-1,-27,6,-12,-8,-11,-4,-9
-1,-6,-2,3,-1,-2,-12,-29
-2,14,1,3,7,4,-1,15
10,11,28,12,0,-2,10,9
-13,-42,-75,-42,-12,-4,-10,-17
-11,6,20,-2,3,5,5,18
-7,-1,6,-8,-4,-3,-8,-8
7,20,102,15,-1,-2,0,4
10,31,18,30,15,5,-1,9
-2,-24,-15,-30,-7,-3,3,-7
-21,-39,-77,-21,-20,-15,-11,-11
-3,2,11,-14,-3,1,-7,-5
9,15,58,11,4,2,7,11
12,19,-28,0,-12,0,3,3
-1,-9,-61,59,62,16,2,1
-8,11,40,-14,-17,-12,-3,8
1,-19,-8,7,-3,-3,-1,0
-12,-32,-68,-59,-32,-13,-9,-13
-3,7,-51,-19,-24,-10,-6,0
2,-25,-40,5,8,7,6,2
9,41,127,51,24,11,3,5
4,21,-86,13,0,1,-1,-3
-7,1,60,-39,-17,-8,-9,-3
1,-3,-91,49,-2,0,3,2
-4,-15,-1,-2,19,3,-1,-4
-2,12,45,28,7,-3,-2,4
-2,3,38,-39,-7,-1,-5,-3
3,5,-9,-5,-4,4,3,2
6,11,30,49,17,3,9,5
-1,-2,-50,77,19,2,-1,-3
-1,2,37,-20,-20,-7,-8,-2
-5,-5,13,-3,-8,-8,-2,-5
-6,-17,-55,-30,-10,0,-13,-8
7,12,93,-1,12,5,3,4
10,12,8,28,4,6,5,5
-3,-1,-55,-16,6,1,2,3
-12,-8,8,-87,-36,-17,-4,-8
-5,-18,-14,71,12,0,-2,-3
3,17,66,5,-3,1,-2,2
3,-8,-105,-81,-2,-1,-1,1
3,9,21,13,-1,-3,4,12
9,-11,-9,-59,8,8,4,1
2,21,92,123,29,9,7,6
-11,-41,24,-42,-44,-21,-23,-16
-12,9,-92,-11,-16,-5,-2,0
7,18,102,88,18,7,5,6
2,-18,-67,-20,7,6,-3,7
1,26,127,33,16,-9,-33,-5
0,-47,-94,-24,-41,4,2,-16
-6,3,98,-17,-3,-7,-11,-4
5,7,15,-22,-10,-4,7,-2
13,25,121,127,48,24,10,17
-9,-19,-57,-38,22,12,0,1
-1,-2,37,-92,-23,-6,5,-5
-5,3,-17,32,-14,-5,-7,0
-1,-13,-95,60,32,12,12,4
-14,13,-8,-49,-59,-36,-17,-17
26,79,110,117,45,28,18,19
-8,-42,-124,-74,-26,-19,-5,-6
-25,-14,-20,65,-22,-17,-8,-19
1,-3,56,-11,26,10,8,0
-4,2,-9,10,-19,-6,-7,0
12,-6,127,59,4,-2,3,-3
7,12,34,-70,1,5,8,5
-20,-3,-76,85,1,0,-7,2
3,-14,-76,-3,-23,-15,-7,-23
-11,-13,56,4,7,0,1,-6
4,-7,-5,-7,-7,9,9,3
7,19,127,127,31,10,5,9
-19,-42,-60,-23,-1,-8,-15,-7
0,18,-118,-15,-10,-10,-41,-1
-11,-15,99,79,-4,5,32,-19
17,18,92,47,8,-4,23,11
-25,-9,-18,59,-23,-10,-9,-14
14,10,-5,15,37,17,7,11
-9,-13,-112,-86,-37,-22,-12,2
13,16,35,42,32,15,-14,6
-10,-21,70,70,5,-2,19,-1
-10,-2,22,-83,-13,1,8,-5
1,12,-67,-12,-2,2,5,3
0,4,-13,-14,-36,-22,-12,-7
3,-10,-13,30,10,-2,-18,1
-9,12,-24,23,-54,-19,-3,-9
-2,-9,-20,31,91,31,7,4
2,-4,-25,-40,-30,-6,-2,-1
4,2,0,-98,9,0,-5,3
-8,-10,5,32,63,16,7,-5
24,-10,31,-24,-32,-16,-14,-2
6,2,32,-4,13,7,5,-1
-4,12,36,29,-11,-12,-4,-6
3,56,108,76,3,4,7,11
-33,-32,86,-81,-86,-42,-25,-21
7,2,-16,32,17,6,3,3
4,-4,-22,-25,2,4,6,6
16,2,51,117,38,16,8,10
-7,3,-64,-69,-11,-5,-6,-4
-15,2,59,-41,-26,-18,-3,-14
-2,-4,8,-6,-2,7,2,4
16,-16,-41,-1,-73,-19,-3,-6
-23,-21,-14,94,93,34,12,13
6,-9,-33,-55,-28,-15,-11,-9
-34,-1,-25,-16,8,2,1,0
29,10,-2,-61,-41,-5,11,21
4,-3,-50,-97,-104,-34,-17,-27
-12,2,16,114,112,27,-14,-57
3,9,44,-33,17,7,-5,-1
-22,24,-18,-69,-38,-9,-1,-12
117,12,22,65,40,28,38,93
-17,-22,-14,-23,-23,-12,-14,-12
-42,-2,-21,-12,-26,-17,-34,-47
-16,-54,-19,-23,30,9,-4,16
-6,12,51,20,12,5,1,9
3,-6,-56,-83,-22,-1,17,48
20,9,-5,-23,4,1,12,24
9,-34,3,-80,-29,-12,-11,-19
-16,16,8,84,73,21,-2,-11
-3,-6,-7,-77,-45,-14,1,0
-1,19,-18,37,40,17,9,-3
-7,-19,-19,-50,-4,-6,-2,-7
5,-9,10,-21,-34,-14,-4,-16
-6,-21,12,28,1,7,-2,39
13,-31,-60,-28,-38,-23,-31,-82
-15,46,31,80,0,0,-5,-25
-31,-16,-7,8,40,7,1,-1
-8,-22,-12,-110,-79,-21,7,28
26,-2,31,-14,16,7,10,7
-51,-5,39,28,-3,-2,-5,-12
-17,15,11,16,26,-1,-12,-34
21,43,-46,-34,-43,-6,2,-5
4,-15,25,12,4,-1,11,43
-10,-13,-34,-63,-3,-3,-6,-10
-24,-20,49,-16,-32,-9,-4,-5
1,-6,-13,30,19,9,3,5
20,72,62,-4,0,7,11,12
30,-5,-17,-1,29,10,10,27
-14,-53,-70,4,-42,-21,-27,-32
11,-4,7,78,28,5,4,4
-76,-23,-9,-27,-35,-11,-20,-24
-10,1,-16,24,35,14,8,7
-12,17,10,-87,-62,-10,6,30
19,11,46,-52,19,5,14,-22
28,-10,-46,22,25,2,-3,100
17,-19,5,-18,-70,-28,-28,-72
-18,15,3,10,47,8,11,84
-10,14,5,74,16,15,7,45
66,23,-3,31,20,8,2,-63
-16,34,-20,-48,-31,-6,-10,-43
32,-76,-30,-34,-34,8,46,39
-82,-1,-29,-15,-63,-33,-74,-104
-50,109,51,26,47,29,68,118
-31,-51,-5,127,127,52,50,89
-51,26,7,-62,-126,-82,-34,-101
11,21,-48,32,51,27,-59,-11
-39,-46,-29,74,-40,-42,-72,53
45,116,63,-105,-38,0,57,127
79,-59,-12,75,16,10,23,127
-7,-13,-35,-27,2,-6,12,7
-59,-32,99,-51,-76,-30,-28,32
91,79,-92,-60,10,11,29,96
-67,89,0,-79,-5,27,35,-21
7,56,-32,111,-3,-20,-30,26
1,-50,-21,-110,-51,3,-15,-34
-85,16,-29,-5,-92,-40,-8,-86
14,-53,-42,45,46,16,-36,-119
-36,65,20,-35,31,7,5,62
89,-80,-59,-59,-33,41,127,98
-41,-53,-27,127,73,-34,-118,-49
-59,127,57,-82,9,6,-27,65
-6,-107,45,-106,-23,-25,-26,105
22,53,13,-11,20,2,4,38
48,54,-14,-122,-39,3,47,67
105,-119,-8,70,19,20,-5,88
-26,-47,-38,104,80,25,-11,-26
-83,76,-73,-128,-2,-11,-62,7
-21,35,67,-1,-8,10,-1,127
48,88,36,-125,-37,-11,18,115
105,-30,20,26,5,22,57,-24
-80,-108,-44,-10,-47,-14,-6,12
48,5,-10,55,9,-4,-54,-128
-14,24,50,111,62,15,15,22
45,20,38,-116,-54,-6,13,1
10,95,-12,31,24,-2,-22,-53
87,2,-6,-99,-42,-15,43,82
-17,-48,-44,-57,-40,-22,-51,-128
-54,113,14,60,29,-7,0,127
127,20,10,15,3,13,39,-123
91,-65,17,16,-3,2,-73,-61
11,-31,-18,12,7,-9,-18,11
-30,69,0,-20,1,4,14,45
50,-3,13,19,9,-5,-15,27
-39,9,2,11,15,20,70,90
32,-10,-29,-95,-66,-2,18,63
5,-77,59,-36,19,-16,-95,50
4,-56,-3,47,66,8,10,86
15,-7,-21,-52,-2,-9,-27,-4
-47,-48,0,-50,-20,-6,26,76
10,103,4,-59,-59,-4,57,30
85,-90,-11,-1,-10,0,-5,64
-94,46,56,25,32,-1,17,-43
-80,100,-34,7,9,7,28,102
0,-116,-42,15,1,1,-37,-112
-102,100,7,12,-9,4,27,-124
-27,-31,6,23,-3,-20,-62,21
-10,127,21,33,10,14,45,57
-47,-22,-4,24,10,9,46,79
-95,-102,-24,-44,-33,-12,-73,-51
-29,38,-6,-27,-24,-10,-20,120
12,122,55,11,23,13,20,35
-97,-108,-102,52,6,0,74,127
-48,127,56,17,16,-12,-50,-17
7,29,-14,-4,6,17,12,-57
36,-64,2,23,15,-7,-60,33
43,-10,22,-18,-19,4,61,62
-18,90,-8,-15,-11,22,120,127
14,-37,-63,4,9,-29,-66,-128
-61,112,13,14,1,-1,58,123
-19,115,41,-15,1,43,73,57
10,-89,-90,-28,-26,-48,-101,-64
-54,111,43,-14,-5,6,-11,75
50,-38,-4,11,9,8,-22,-128
64,32,8,-1,-7,-26,-74,18
22,62,18,8,9,16,7,82
14,60,23,8,8,42,93,127
-7,-128,-98,-24,-11,-6,22,-128
12,-5,35,24,4,-68,-82,-112
-2,93,28,-3,-7,4,62,127
-36,-128,-31,-14,-16,-16,-14,-69
28,-10,23,21,6,4,13,64
-12,47,2,-23,2,34,49,-30
-64,-37,-29,-15,-14,-26,10,42
-44,97,31,16,31,61,113,89
-50,-23,-42,-13,-9,-35,-111,-95
-50,94,-7,-9,-12,-5,-4,53
-25,78,55,20,9,20,53,127
-88,-122,-8,-1,0,-3,22,-58
125,1,-2,2,2,-1,-29,-1
-5,-8,-9,-12,-6,0,6,-94
62,-36,-20,2,5,5,65,9
127,-13,-6,-13,-15,-27,-47,-49
-68,14,28,14,-3,-14,-21,57
53,-39,-7,-6,-5,5,-38,32
-70,-37,6,3,-2,-12,-8,24
82,-54,10,4,4,16,76,102
-92,-93,-12,9,10,6,-76,-86
15,-62,-8,-5,-11,-5,60,89
-34,-78,-4,4,-3,-19,-106,-120
-75,19,-2,-1,-1,-2,-14,-4
18,84,27,-1,-3,9,27,31
78,-15,-22,-15,-10,-1,13,10
34,26,6,3,-3,-6,2,-66
-28,-112,-16,1,-3,-22,-88,3
-5,127,25,15,7,11,37,127
-57,-62,-10,-9,-1,-2,39,45
-33,-120,-53,-27,-17,-17,-90,-57
-52,127,16,7,0,-8,-1,127
-6,26,-5,-7,-7,-2,27,67
-20,48,20,8,3,-2,-14,63
15,28,13,14,18,32,46,8
57,-48,-16,-17,-14,0,88,15
-122,-43,6,-1,-11,-27,-33,-107
-40,-32,-25,-3,-13,-19,-46,-54
68,31,8,-8,-2,1,25,78
58,-80,-2,-6,-8,-8,-38,-79
45,-5,-3,0,0,11,57,24
53,27,4,4,4,7,15,-23
-26,14,2,1,-2,-4,8,-8
-43,15,-4,2,3,1,-2,33
20,-27,-4,-4,-1,3,10,-19
2,-8,-6,-6,-2,0,-24,-47
4,5,9,7,4,5,-13,1
-33,20,-8,-3,-1,4,3,2
2,-26,1,5,2,-6,-12,-14
-18,37,53,6,6,6,-12,-33
14,1,-54,-5,-4,-1,15,33
-38,-2,-22,-7,-7,-8,-18,-12
7,-18,-22,-2,-4,0,1,5
-10,2,17,-4,-1,1,7,15
6,11,43,5,1,1,4,0
-7,5,28,7,3,3,-11,20
18,12,38,9,7,3,-1,11
-14,-27,-34,-23,-11,-6,-1,-7
-8,-7,46,-2,-6,-8,-15,-12
-21,13,-20,-2,-4,-4,-8,-9
16,15,67,20,6,2,13,20
14,15,-48,8,12,10,6,-2
-29,-70,-56,-43,-27,-18,-21,-10
-9,21,86,9,-3,-5,-5,6
26,51,81,39,35,23,19,10
-13,-26,-27,-15,-22,-7,-13,-14
-1,4,74,-38,-2,-3,-6,-2
1,-5,21,8,0,-3,2,0
-5,8,56,29,-15,-5,-9,-11
1,13,-38,-16,2,0,0,-2
21,48,114,68,32,17,19,18
-21,-52,-77,-48,-13,-10,-12,-11
-11,-41,-96,-25,-10,-8,-6,-1
-13,-11,59,47,7,0,-4,-4
7,24,7,-24,-4,-1,0,2
15,38,27,41,23,12,10,5
-2,-35,-93,-9,-6,-2,-3,0
-10,5,11,-8,-13,-8,-7,-8
-1,-10,-34,10,0,-4,-3,-20
5,74,127,51,11,7,7,4
-9,-53,-92,-35,-12,-6,-5,-2
9,44,99,12,2,-2,-1,12
-5,-40,-105,-60,-6,4,-1,-23
-23,-85,43,25,-5,-8,-11,5
-12,-14,-85,-100,-25,-16,-13,-16
1,0,47,-25,2,-3,0,3
21,44,79,93,13,6,7,20
-8,-2,20,-85,-29,-6,-9,-7
-14,-31,-33,76,13,3,-2,-8
10,10,75,-43,6,-5,2,-4
-14,-64,-114,-99,-18,5,-2,4
0,2,24,14,-1,0,-2,-7
0,54,67,-30,-11,-6,-14,-2
-10,-24,32,36,-9,-6,-2,-11
5,21,83,65,12,0,1,7
5,2,30,-14,-1,-3,-2,3
-6,-85,-22,-58,-14,-22,-8,-7
-10,60,27,-23,4,21,3,-2
-25,-48,-7,18,-7,-9,-18,-11
-3,33,72,30,13,6,7,-3
-41,0,-60,28,5,1,4,-10
23,16,76,16,3,2,-4,5
14,-19,-72,66,24,11,13,9
-19,-30,-122,-121,-42,-25,-18,-29
-14,47,127,82,3,-1,4,9
0,5,13,4,13,9,12,7
9,-30,-13,-46,9,11,10,20
11,69,89,117,7,1,-4,18
-38,-39,-87,-86,-27,-10,-3,-16
22,36,81,23,10,8,11,10
-15,-43,-40,-60,-27,-29,-25,-39
19,24,32,-14,11,10,13,17
38,70,8,75,20,9,9,15
-28,-68,-59,-103,-34,-17,-11,-22
6,108,6,75,16,6,-2,4
-6,-38,-121,-50,-21,-11,-10,-38
-7,-46,19,-48,-8,-1,-8,-3
-6,-4,-128,17,-3,-10,-4,-9
11,40,20,17,11,1,9,10
-7,-5,48,-2,2,6,1,5
33,55,127,109,27,10,15,16
-21,0,-4,-22,-22,-7,-5,-16
-15,-7,-35,44,-9,-6,-5,2
5,15,-20,68,9,4,0,3
18,20,57,17,25,12,4,9
7,-42,45,43,1,-5,-2,7
-3,27,42,-68,-25,-9,-6,-3
-2,-37,56,39,8,0,4,-2
7,44,-119,-77,-7,1,-1,-4
-3,-35,23,82,5,-1,-5,-1
12,-9,-30,-94,4,9,8,10
-13,-4,32,90,5,-8,-7,-4
-6,-31,-34,-104,-39,-24,-9,-12
-3,-2,-128,-35,-4,2,2,-1
-4,12,106,0,-5,0,1,0
2,-2,-15,-6,8,3,5,5
25,42,-14,81,39,27,21,16
-21,-20,101,10,-32,-19,-13,-13
-16,-45,-91,-43,-41,-20,-14,-14
6,37,24,18,-1,2,3,5
1,5,-5,11,-14,-9,-6,-4
12,15,-58,38,30,9,8,11
8,13,53,32,15,7,5,5
-4,-20,-50,-67,-17,-6,-9,-5
-6,-50,-2,10,0,-3,-6,-3
0,-6,23,29,3,4,1,5
-8,17,14,-61,19,8,-2,-7
5,2,-64,31,6,-4,-1,0
5,-1,41,-71,-13,1,1,0
-10,36,-93,-12,-3,0,1,-6
3,-7,21,15,-11,-5,4,5
-1,18,24,-8,9,1,0,0
0,-11,108,6,2,5,-7,-2
1,-10,-71,20,-2,-9,-6,-4
-9,-23,-31,31,-12,-7,-6,-6
-12,-57,-121,-65,-13,7,1,-6
0,-31,37,28,-11,-18,-4,0
10,-45,58,15,13,4,1,-2
15,-8,11,53,-7,-1,2,5
-22,-12,-26,-7,13,-7,-10,-9
-7,-15,11,35,1,-2,2,-5
5,14,-10,-56,-6,8,3,6
5,31,20,39,10,4,3,5
0,15,24,-96,-109,-37,-1,-2
-1,-10,-6,90,101,50,7,3
-8,3,27,-10,-30,-14,-6,-2
5,-5,32,-1,-18,-6,-4,10
1,4,-27,2,0,0,2,0
-4,13,34,24,-42,-24,-3,-4
-16,10,-15,-16,6,4,3,-7
-3,-12,9,-24,-14,-5,0,3
36,-13,9,31,67,26,-3,0
-26,-16,-25,-12,-14,-15,-14,-10
14,-1,-61,8,19,8,3,11
-12,20,70,16,-14,-10,-5,-11
-20,14,-26,16,-16,-10,5,3
-16,10,-4,-21,19,20,3,0
13,7,35,50,23,7,-3,1
33,-4,25,-61,6,6,1,1
-41,-29,-28,11,3,1,-7,-9
21,9,38,-31,-29,-13,-1,1
-7,11,-3,-11,-13,-2,3,4
-30,13,23,31,16,2,-4,-18
-12,-1,17,-16,10,2,-2,6
-16,9,-42,2,-16,-7,-8,-35
-6,-4,-26,-15,6,1,0,0
-7,6,-22,1,-11,-6,9,29
34,34,1,-67,-64,-28,-2,14
7,-56,-6,98,79,23,-12,-31
-13,-14,12,-17,-3,-2,-4,-44
57,-1,-29,-4,-8,-3,-4,3
-30,15,13,3,-18,-1,4,15
39,12,3,-39,-36,-5,12,42
-14,6,9,33,28,2,-9,-3
-27,18,38,-34,1,-2,-5,-6
38,-19,33,10,15,10,5,3
-36,-6,-19,-72,-45,-15,-3,-6
-1,10,24,48,10,-6,-1,1
-7,17,-5,31,-6,0,5,-2
61,29,16,-15,-7,-2,-3,-7
-90,-50,-11,-40,11,0,-2,-10
37,16,3,12,-2,3,2,14
51,6,-7,-35,12,4,-2,4
-25,-2,-6,51,31,8,2,-13
27,-4,-14,-12,-34,-17,-5,3
-9,-21,-8,-66,-28,-3,7,44
10,25,-13,46,22,4,-5,-72
-98,-26,24,1,14,4,-6,-18
6,61,44,9,-6,-3,-4,18
66,-89,-60,-25,-16,-5,5,30
-57,1,-18,-2,6,-3,-14,10
-1,27,10,-78,5,2,5,1
19,-9,-28,-7,15,3,17,64
-102,42,55,62,1,-3,-9,22
-43,-28,56,-27,-31,-13,-5,57
-27,7,-41,127,39,12,-11,33
106,52,10,23,-2,-1,6,-32
-19,-74,6,-15,-36,-10,11,43
-46,61,32,76,-20,6,40,88
37,-28,-25,-6,77,27,-23,-95
5,79,-41,-47,-8,-10,-18,41
99,9,-12,-29,0,-10,-31,18
-91,105,27,-15,-87,-15,26,52
91,-88,46,-87,41,28,16,-42
-87,-62,-30,85,36,20,38,9
84,-68,15,-90,-95,-28,-1,-54
-60,-128,2,37,115,28,-45,-120
-33,-17,-8,-6,-37,-20,-11,46
-19,24,-64,-89,-70,-26,-27,68
-111,127,39,87,40,20,47,-1
127,-118,-88,-42,22,-17,-52,-106
-81,93,41,70,-58,-26,-34,91
20,37,94,-109,-34,24,58,42
-104,-73,-71,34,75,9,-39,-59
8,127,28,109,50,25,1,48
-64,31,9,-55,-54,15,41,-10
101,105,57,-17,11,-2,26,0
-61,-12,-38,37,56,-8,-81,96
72,14,9,17,83,26,14,22
52,-8,-96,-95,-120,-56,-73,-55
-53,17,94,-27,-61,-21,-45,74
-60,21,-94,69,37,35,65,-45
-103,-26,-11,-15,-79,-13,-1,71
92,81,-38,-40,-52,5,80,76
-11,-108,31,-43,-68,-21,-4,-15
95,127,-47,-105,-19,-14,-47,-75
-70,91,0,-30,-47,-7,81,32
-95,-80,83,114,126,76,3,127
-68,-58,-40,-22,-26,-29,-62,-128
23,-111,-17,-128,-126,-40,-2,43
24,12,1,79,49,31,-12,-29
28,-39,-22,-120,-46,-25,1,43
-40,-93,-57,43,21,-9,-36,-94
-69,38,43,-47,-75,-20,6,-33
74,26,-22,-63,-21,0,1,22
32,3,-27,5,-22,-30,-16,-32
-6,81,-2,-56,-41,-5,-51,-19
-9,-54,-49,53,65,39,90,127
-14,-40,-39,-47,-48,-23,-85,-113
-72,108,36,-49,-71,-14,85,77
-25,-98,-42,83,96,34,4,-88
-22,61,92,-128,-83,-49,-81,-69
-53,3,14,-23,-4,-10,-36,-61
-1,-20,-34,-107,-2,11,15,92
43,76,74,49,5,16,52,105
13,-52,42,99,63,22,4,13
6,-69,-69,-48,2,0,21,27
44,3,38,-124,-128,-50,-23,-92
16,-32,-37,-10,54,33,22,-1
24,12,42,-77,-2,15,-9,-39
11,0,17,-35,-44,-26,11,25
6,-21,-18,59,22,2,-18,-59
-2,13,-4,2,22,-1,-11,15
5,15,23,27,11,6,9,17
5,1,-20,-54,-34,-9,10,19
-26,-30,20,109,63,6,-24,-41
-2,13,-16,17,14,3,3,16
37,47,20,13,-12,3,19,4
7,-12,17,-11,-19,-9,10,19
12,24,14,53,58,13,-20,-30
-1,18,-77,-37,-36,-19,3,15
16,22,-26,-27,-35,-9,9,3
1,-11,46,18,25,11,2,17
-4,-11,7,18,37,8,-6,-7
10,7,102,-2,-13,-1,8,10
-29,-26,21,1,5,-3,-10,-9
2,-42,-107,-33,-23,-8,7,14
17,15,106,44,16,-2,2,-10
-2,-66,-128,-27,-19,-5,-2,4
18,3,101,6,15,7,1,5
1,0,70,30,18,8,4,9
-6,-18,-29,-8,-29,-13,-8,-14
2,15,12,11,6,-2,-3,7
5,-7,-2,63,16,3,1,3
-1,-17,-34,-54,-28,-8,1,4
5,11,-54,-65,27,17,3,-1
-23,-25,-56,-19,-39,-21,-15,-13
31,44,70,54,17,2,-28,0
-19,-40,-73,-20,-21,-16,6,-33
40,-10,100,78,14,25,29,21
-38,38,97,72,10,0,-6,5
18,-7,-27,-67,-15,-68,-95,23
7,23,-29,0,24,66,40,-3
-45,1,34,-56,1,0,-63,-5
21,-23,-64,-26,-22,-6,-25,5
14,16,-8,82,21,4,11,12
-5,10,24,-65,-22,-33,-42,10
-13,-8,-105,7,1,-14,-5,-15
37,7,127,127,16,10,36,22
-55,-9,-56,-7,-18,-12,-46,-32
-41,-10,4,31,8,-12,17,4
1,-21,-37,-104,-25,5,-11,-29
7,16,-58,9,5,10,50,11
16,5,8,24,11,12,52,-6
6,12,53,34,7,6,-14,18
22,0,69,76,15,-30,-76,-20
-48,-27,-111,-76,-27,-57,-21,-30
71,7,43,-70,-3,104,96,38
-9,-7,-30,-8,3,-3,22,-2
40,0,23,26,11,1,13,10
-49,18,105,32,9,-19,-59,-12
4,-2,-50,-34,-7,-8,-19,6
5,11,13,-62,-11,-7,-32,-14
19,-15,-63,62,10,-4,18,38
9,4,-3,13,1,17,-4,10
-35,-14,-19,-8,-5,-6,18,-18
14,12,56,9,1,-2,15,8
-25,-4,-27,-10,1,-8,19,17
13,20,42,47,1,-2,18,-21
-22,-1,57,22,4,20,32,4
22,-19,-62,15,-5,-24,-73,-5
-19,7,-1,-24,-5,12,28,-15
14,-4,-54,-33,7,11,2,11
-3,3,92,104,-4,-20,-24,-17
12,-2,-23,-47,-10,-18,-6,44
-24,14,64,-16,2,10,19,-40
30,-32,-23,-56,4,11,-8,7
-15,-3,-48,43,-25,-12,2,3
5,13,25,-24,6,7,4,-4
12,-24,-40,-23,-4,-6,-13,4
25,49,44,31,12,7,18,14
26,-37,-58,-30,-1,-5,14,0
21,6,18,-38,-2,-2,-1,1
-21,3,-27,28,2,4,0,-5
-6,1,-4,-43,-8,6,3,-5
11,11,-4,0,5,-9,-18,21
-47,-32,17,33,-2,2,-34,-79
-6,-3,-20,-25,-4,-3,18,16
22,5,10,-15,-3,-2,-14,11
6,30,1,-16,2,-2,-3,-11
0,-22,-20,117,12,6,25,24
-36,-4,-6,-62,-17,-13,-20,-20
30,-7,63,21,-25,-16,-17,14
-41,-4,-19,41,9,6,12,-5
-3,21,-11,-30,4,13,32,11
18,16,-60,10,6,6,-5,10
4,15,-15,20,1,4,3,1
-31,-54,1,-46,-12,-13,-19,-21
9,15,66,38,0,-6,-6,7
20,-2,-6,9,2,3,9,21
-31,25,-4,-24,3,3,-1,-13
23,2,-22,-43,-5,-2,-4,4
2,11,-23,15,4,4,3,-4
-14,-50,105,-44,-26,-21,-18,-14
-13,-4,-78,21,2,1,-2,-8
3,24,-9,-4,1,2,-2,6
9,24,1,-9,-1,1,8,13
2,20,20,31,-20,-7,-3,-10
5,14,17,50,64,15,0,2
39,-70,-36,-74,-13,-4,-7,-20
-27,-28,13,-31,-44,-8,-5,-2
4,18,-4,96,51,4,-6,-3
-31,-17,0,-38,-16,-2,5,-10
32,35,-20,4,-3,-3,-1,13
-5,-10,-33,-1,-7,-8,-8,-6
-12,-9,-12,-21,-7,0,-1,1
15,-23,-51,-48,-25,-6,-2,-5
22,40,42,52,19,4,-2,-1
-33,-27,7,0,-3,2,7,-2
-9,9,-13,-8,4,1,-1,-7
-4,7,9,0,5,5,3,-1
-12,-6,6,-40,-13,-6,-3,-2
35,9,8,5,3,-2,0,4
-53,-28,-19,15,1,-1,2,-7
-9,-11,13,-20,-4,0,-4,-4
-21,-6,-6,-15,-15,-4,-5,-4
-17,16,-13,36,4,2,2,0
30,9,-8,-12,10,4,6,6
12,-29,37,-7,-15,-9,-15,-8
-8,2,23,-54,-32,-1,5,-2
-8,1,2,38,60,8,-13,-7
7,12,-7,16,-9,-6,-1,-4
14,-12,-6,5,-10,-2,6,-1
-11,-6,9,-81,-24,-5,-6,-7
5,13,34,37,23,2,4,-2
-1,-6,-22,-14,-17,4,9,6
16,14,-3,-16,2,-6,-16,20
-14,9,0,0,-8,-5,-1,-33
25,14,14,-18,-14,5,12,20
-4,-23,-38,2,4,-8,-17,-31
-18,-6,1,-5,-9,1,9,37
-13,4,-11,26,15,1,-13,-88
-35,6,0,-8,-10,-8,-9,8
22,19,14,14,6,7,17,9
-13,-20,0,-21,-12,-3,-7,-1
-7,-4,-24,18,10,-1,-7,21
32,30,15,-7,-2,6,30,52
43,-17,7,-71,-39,-20,-25,17
-55,-16,-14,0,12,-2,1,80
-23,-16,-21,114,55,-4,-47,-49
-39,-31,16,-38,-28,-14,-46,30
34,53,21,-59,-18,16,38,127
-84,-65,-27,38,35,7,21,-51
36,4,14,-6,19,1,22,84
56,24,8,-70,-37,18,83,102
31,-33,-33,34,-12,-24,-104,-128
24,74,24,-114,-68,-13,8,125
-71,-65,-19,103,20,-12,12,-84
-62,41,-10,-32,32,-9,-40,-81
-45,9,14,-14,0,22,66,127
77,-21,-1,-24,-11,-25,-37,-128
-2,95,17,-60,-33,-14,-5,107
22,12,-8,10,5,29,88,77
40,-118,-12,-7,19,-14,-50,59
9,-11,7,-66,-19,9,23,-91
78,47,-31,41,74,39,54,127
-60,1,-14,33,13,21,44,-23
-40,21,28,-81,-13,-51,-76,-59
5,-99,9,-57,-13,21,111,103
-52,-73,6,21,16,-79,-128,-8
36,-33,-45,70,85,34,66,103
-44,38,-12,-44,-13,30,111,106
23,99,7,-38,-4,0,-55,122
-114,-6,7,-128,-38,29,5,78
43,-78,-1,6,-22,-59,-113,-128
-15,-26,-12,27,-9,-21,7,79
-47,27,-30,36,-3,-4,-63,-78
103,114,29,-57,-16,80,127,123
-75,-73,7,12,27,-48,-88,-111
-1,8,-10,100,112,10,-61,-11
92,-44,0,-65,0,25,77,103
-5,6,-78,-128,-64,-35,-90,-114
-25,121,21,-84,-34,3,-28,93
-6,54,-15,-2,-11,37,108,-34
-46,126,27,-2,8,3,22,-49
14,13,11,118,80,14,-1,-19
67,-34,-10,-96,-47,-6,1,-2
-17,124,27,-41,-13,-6,-23,-53
22,-75,-23,31,-5,-13,-17,-5
27,-18,18,-56,-28,1,53,73
-19,55,0,-28,-27,-15,-18,5
15,-48,19,15,25,26,48,34
-3,-82,-1,-26,-23,-24,-109,7
16,76,0,2,-26,-18,-29,-76
-48,-89,-16,38,-3,-10,-15,30
30,68,15,-32,-32,-8,-5,5
10,28,-14,43,19,6,12,42
-20,23,1,1,-10,14,47,16
85,-30,0,-64,16,7,0,-28
-59,-107,-26,36,11,-8,-47,-115
-34,54,6,-11,5,-5,-24,-24
-18,-11,13,-5,-6,-11,0,34
3,31,12,-64,-34,5,26,0
14,-20,8,4,-2,3,3,4
-43,-26,-12,48,23,-7,5,-2
18,-65,3,-41,-25,-8,-7,-23
13,-2,15,28,-6,2,-9,-6
-8,-8,-9,2,-11,-25,15,14
23,16,-10,0,2,12,-13,-53
-35,-30,-10,-24,-22,-34,-54,-67
79,2,-3,10,4,41,15,44
-9,23,-5,9,9,12,-1,-14
-15,14,-12,-22,-6,-12,16,0
0,-22,-4,4,-1,-3,-6,-18
-16,48,15,27,6,-15,-25,-18
-8,-34,3,-40,-28,-12,-15,39
9,18,9,14,7,5,7,-46
27,-6,-3,5,5,1,-3,0
9,11,-3,3,-6,-8,2,8
-57,21,5,-16,-6,11,9,14
-3,6,7,11,2,0,27,104
-29,-65,0,7,5,6,1,-69
-40,-2,22,-2,-2,-21,-7,18
57,9,49,11,-1,-3,-101,-75
-16,-9,-79,-12,4,26,18,-42
-63,-46,-102,-65,-30,-13,-15,12
-9,6,74,13,4,0,28,19
104,15,59,18,6,-5,-17,-6
-50,5,-12,-15,-2,-7,-7,45
-18,18,69,14,2,13,14,-11
-18,-18,-24,-8,-4,-9,-20,-83
-18,31,26,1,-1,-4,24,30
41,8,-3,9,-2,-6,-8,10
4,-7,-30,-4,-1,-1,11,10
-13,-1,16,4,-2,-1,21,12
-32,-4,-24,-11,-7,4,27,8
-31,-26,16,0,2,-3,-35,22
23,21,123,30,11,4,17,11
21,-40,-74,-48,-12,-3,-12,6
12,-30,-45,-16,-6,5,5,11
-49,1,84,2,-3,-9,-3,7
-40,23,127,45,6,-4,3,-33
-56,49,-18,25,17,14,-17,-49
32,-8,3,-33,-22,-8,1,-14
1,-40,16,-52,-25,-23,-24,-17
21,1,64,9,12,15,38,38
27,33,72,21,3,8,8,12
-16,3,19,19,10,3,1,-9
20,56,-9,21,5,-1,1,-9
25,1,-55,-17,-9,-3,-7,34
-11,-20,-14,-9,-4,-3,-4,-7
0,-2,-19,-2,1,0,6,0
22,-8,-9,8,2,-1,9,-13
1,-23,-68,-15,-4,0,-10,-6
-16,24,112,20,-2,-4,3,56
-8,-56,-112,-25,-3,-1,-8,-80
13,6,81,3,-6,-5,-2,-13
2,5,50,4,8,-3,-6,3
-1,-6,14,-2,-3,-1,-5,-11
55,32,111,20,11,12,10,33
52,-15,78,17,4,1,40,-61
10,-33,-127,-43,-20,-9,-21,23
-4,-21,36,-6,-6,-5,-7,1
-32,-5,-84,-12,-4,-3,12,0
-8,-8,-40,7,6,5,-12,-3
5,68,41,15,5,-1,-3,7
23,-23,80,16,-2,-3,6,-9
-27,-15,-37,-20,0,-2,-16,5
-14,-46,59,-18,-10,-2,-13,-6
3,-38,52,18,5,0,5,3
0,-31,-49,-9,-8,-6,-12,3
-2,-16,16,14,0,-5,5,5
2,-15,-86,-8,1,3,4,12
9,-22,-49,24,19,4,3,-5
3,10,-59,-20,5,3,-1,-4
-8,42,70,9,-7,-5,-2,9
-4,49,-104,-23,-12,-6,-7,-7
-4,27,26,-2,-13,-6,-13,-4
-25,-13,-63,-8,2,-3,-1,-8
-13,42,-58,-25,-7,-5,-4,2
-3,20,108,5,2,-1,-4,7
10,7,8,9,6,8,6,-2
0,64,107,40,4,4,2,25
-38,-7,-67,-43,-6,-1,7,20
1,-21,77,12,-8,-16,-15,-15
-4,8,-5,-33,-8,-1,0,3
11,13,12,10,10,12,6,-4
4,32,-29,26,14,9,5,10
-14,-35,-102,-26,-15,-9,-11,-6
3,-2,4,-9,-10,-6,-4,2
8,-6,4,-6,-2,-1,-1,-4
8,-9,47,17,23,8,1,-6
1,8,45,26,13,6,3,4
3,-10,-9,-2,-9,-3,-3,-7
5,5,-1,12,-13,-6,-1,-2
3,-7,2,13,5,-1,-1,-1
-11,-14,-91,-37,-15,-9,-9,-6
-13,-9,110,-3,-13,-8,-9,-5
3,-31,-34,-24,-6,-2,-1,-3
-5,-15,-29,-29,-9,-4,-5,-9
-5,0,34,-3,-12,-6,-6,-5
7,13,-59,5,7,2,1,1
4,-15,-51,-12,8,1,1,-1
12,9,68,24,1,1,1,-1
4,14,4,8,8,8,9,7
2,-24,-59,-17,-6,-4,-1,3
-5,5,4,-9,-4,-5,-3,8
-6,20,-36,-3,-6,-5,-10,-4
18,54,108,54,30,16,7,16
-49,-67,-62,-65,-34,-40,7,-36
-15,3,73,13,-1,7,-42,-22
5,-5,89,7,-7,1,7,2
-3,-21,-42,-25,6,4,2,2
15,27,-23,49,17,2,-1,7
-5,-15,-35,9,-5,-4,-8,-5
-11,-15,108,11,-18,-19,-2,-10
7,2,-49,-25,9,3,2,-3
2,0,17,20,4,12,4,8
7,-1,13,22,-3,-6,3,-2
-2,-27,-31,-43,-6,-1,-14,-5
-7,-39,-69,2,-3,0,1,2
-6,3,-10,-9,-14,0,-5,-4
2,1,-39,1,0,0,8,-2
7,-1,39,16,6,-1,2,4
3,2,114,55,7,3,1,2
-7,-21,18,-31,-17,-11,-14,-5
7,5,-43,-31,5,1,7,2
-5,-15,25,44,-6,-1,7,0
-11,9,26,-18,-7,-8,-13,-10
10,26,116,-1,12,11,-1,6
-5,-23,-75,-22,-5,-4,9,-1
0,-7,60,-31,-7,-2,-5,-3
10,37,101,42,6,0,0,8
-6,-32,-128,-64,-8,-4,-1,-4
5,-2,28,50,7,-3,-6,1
-23,-1,-15,-32,0,11,-2,0
2,21,-39,13,-3,0,0,-2
7,2,22,24,9,4,3,6
-8,-14,-15,-31,-10,-6,-10,-10
2,19,-70,11,-10,-9,-9,-7
-6,5,63,-88,-5,-6,3,-3
5,11,14,50,2,6,-4,3
0,6,28,-33,-10,-1,9,2
-1,-19,-27,19,5,-5,-7,-4
-1,-5,-1,-2,1,3,3,1
0,0,-1,24,-1,-3,-1,-3
3,2,90,6,2,-2,0,1
4,-3,-3,-40,-28,-7,4,0
-6,-16,-39,46,9,-3,0,-1
5,-8,-5,31,93,44,6,5
5,11,49,41,2,1,3,0
-6,-27,-26,6,-31,-16,-9,-7
-2,-24,-12,4,-25,-12,-4,-6
-2,14,28,7,-18,-8,-1,-1
0,5,4,-9,4,3,5,0
8,12,17,-14,14,2,2,2
-5,-10,-20,21,16,9,-3,-3
1,6,8,-10,-12,-7,-4,1
-10,-13,-28,16,-11,-10,-6,-7
3,14,36,-66,-48,-17,0,0
4,1,-21,49,65,24,10,17
3,-20,-28,-26,7,8,2,21
-11,6,-8,-87,-42,-14,-13,-83
10,5,-5,7,8,-9,1,69
-31,-20,-59,19,11,2,-5,-84
-9,4,16,-19,-21,-13,-7,33
-5,-36,-24,5,5,-2,1,39
-13,15,1,-1,-16,2,1,-15
10,7,3,-17,-19,-1,6,34
8,10,11,10,6,1,2,-8
2,3,-14,-16,-16,-7,-4,-12
9,2,20,39,24,11,0,-2
7,-1,-6,-4,-4,-2,0,11
-9,-5,8,-28,-19,-4,-3,-27
7,15,-6,46,5,-2,1,21
-2,-20,-4,-1,25,12,1,-12
4,16,15,-20,-34,-13,1,8
8,-7,2,-17,7,-2,0,-12
-24,-11,-10,39,50,16,-2,7
19,10,41,2,8,3,4,-4
-10,-5,1,-8,-22,-5,3,6
-3,-6,10,-29,-48,-20,-16,14
50,16,0,3,1,1,3,15
-59,-2,-1,6,0,-1,-10,-16
29,13,20,-30,-20,-3,6,22
-12,-7,1,38,26,11,15,42
3,5,-26,-2,-15,-6,0,39
-10,22,18,-14,-9,-14,-27,-4
2,-1,-21,-49,-55,-9,19,115
26,14,-68,-54,-26,14,8,-23
40,-29,-1,-36,-52,-20,-28,-64
99,6,-20,-23,1,-1,-7,-6
-35,12,11,89,5,-13,-18,23
-1,15,17,10,4,-3,25,55
-8,53,12,-111,-59,-9,24,114
-17,-31,-4,105,18,23,34,-43
-34,-3,-21,-14,97,17,-62,-128
-53,-4,12,1,-24,-4,1,71
-1,73,8,-26,-56,-21,-7,-99
32,-105,-22,41,74,34,-3,127
-52,-17,-1,28,-41,4,57,25
48,44,72,-60,-77,-53,-54,2
52,-110,-32,34,29,30,-28,120
-22,-32,-42,-78,-73,-14,-2,-60
52,-56,4,-58,-73,-6,-43,65
58,105,37,44,62,10,58,-117
-4,-89,-3,-43,-25,-19,-11,67
-55,-100,-54,57,-27,-11,-1,-72
94,99,9,-68,15,16,7,126
-20,-52,-16,-23,-58,10,61,33
-11,120,66,27,17,41,13,52
51,-50,-54,106,44,5,-44,-84
-11,-52,-13,-98,-39,-27,-103,-44
-80,98,28,50,32,30,26,-53
28,-9,-35,-50,-12,-14,-6,83
31,75,-9,-126,-73,-16,21,127
-14,20,-15,87,45,19,44,-22
19,0,15,-21,11,10,12,57
-50,19,28,31,-1,-4,-10,-128
-26,41,13,-101,-1,-12,-13,-28
13,-119,-6,72,14,-9,12,-70
-29,-50,-36,4,6,-3,-24,43
-42,8,-4,-4,8,-7,2,-105
20,31,32,-28,-5,-1,4,42
-9,16,1,-30,-15,4,29,-12
18,-59,-39,-22,-23,-15,-40,10
-13,-20,14,37,29,9,8,8
-8,36,3,-22,-8,-2,18,90
-28,-8,4,-7,-13,-2,-22,-62
-11,-1,-2,37,5,-11,-31,25
10,-19,-17,-10,15,-1,7,0
-58,-27,51,12,16,20,26,5
-1,9,-17,-25,-11,-6,14,5
30,-1,-10,-3,-8,-5,-15,-17
-48,-19,-1,-4,4,2,10,-28
74,39,10,6,-15,-10,-8,64
10,13,22,11,5,3,7,-1
-26,-30,-9,-18,-5,-3,-17,-38
65,6,52,17,3,1,12,1
-3,8,-20,22,11,2,-6,-56
19,18,-38,-15,-7,-6,2,30
-57,11,83,4,-1,-1,-9,9
9,-7,-58,8,-2,-11,2,24
9,-10,94,-39,-10,2,11,-43
-51,33,53,0,3,1,6,-20
-9,-8,48,11,-9,-3,-2,-23
15,-17,50,26,4,-5,-14,102
-83,3,-101,-38,6,1,-9,-75
-22,7,67,28,3,-1,6,18
15,-3,9,-19,-3,-2,-2,-24
-23,8,4,-10,3,2,-2,-14
-9,32,107,34,4,-1,1,22
26,-79,-91,-70,-24,-12,-4,17
29,26,86,40,18,5,-1,5
-5,-67,-127,-23,-16,-9,-8,-16
-42,-14,24,-53,-19,-12,-13,-16
29,51,40,-14,3,2,5,-17
29,-41,-10,-10,-5,-1,-3,12
2,105,20,45,20,13,11,-6
-5,-19,76,14,4,1,-1,-9
-9,-5,-86,6,-11,-10,-6,5
1,-18,-2,6,-4,-7,-5,5
-9,-5,21,-52,1,8,10,-12
-2,18,53,22,-9,-8,-7,-3
13,62,76,17,9,7,4,21
-8,-84,-128,-22,-4,-3,-8,-9
-27,43,97,42,5,0,-7,-27
27,-18,-109,-10,0,-5,-19,2
-9,-39,48,-2,-10,-5,1,9
-9,9,15,-13,-2,-2,-3,-51
-15,-29,41,-18,1,0,-1,-1
27,31,36,39,5,-2,6,-5
3,0,-58,1,7,1,-2,-5
3,-34,-15,-23,-12,-8,-11,8
0,-2,26,7,0,11,-2,-3
-21,-30,28,-11,-10,-6,1,-10
8,-5,51,6,5,-2,-4,8
3,13,-45,-36,-7,6,1,2
-2,9,76,33,2,-7,-4,-9
-10,-43,-106,-40,-1,3,4,1
-8,-5,115,14,-9,-5,0,-3
5,17,0,-6,-3,-5,-5,10
-7,-21,-29,-15,-3,-4,-8,-8
4,15,-10,31,5,7,2,5
0,4,-64,-15,3,1,5,0
0,28,21,42,-3,-6,-6,-3
0,-15,-63,-57,-12,-8,1,-5
1,7,-47,3,-4,-7,-10,3
-5,3,19,23,3,3,7,-1
11,5,16,21,8,3,0,8
0,-9,19,-1,1,6,14,0
-6,27,45,3,-4,-4,-5,0
-2,3,21,-4,6,-4,-14,-3
-5,-9,-13,-21,-7,7,20,2
-1,-7,41,27,1,0,-4,-1
-3,-1,-88,-14,0,-7,-1,-3
-3,0,15,-23,-16,-11,-6,-8
0,-3,14,27,11,1,-9,0
-9,-6,-85,-69,-12,-5,1,-1
12,-6,64,41,7,6,-7,-2
-3,-3,-22,1,-3,-2,-5,-3
-1,-23,-54,-7,-3,-3,-1,2
0,7,29,41,3,-5,-3,-1
-7,-16,-91,-33,-7,-4,0,0
-4,-9,-10,-11,-3,0,-3,0
2,6,26,6,-1,3,2,-1
1,-6,20,34,10,-2,0,-2
0,11,1,-75,-13,-6,6,0
-1,0,-17,58,-5,-2,0,-4
-2,7,22,30,12,4,0,0
-3,-14,-80,-30,-10,-5,-6,-1
0,12,56,34,12,8,-2,0
-4,-7,-46,-94,-13,-2,-4,-5
2,6,54,31,4,-1,6,2
1,-3,-10,-1,-8,-4,-5,-1
-4,7,73,43,9,0,2,1
0,-1,-37,20,-11,-6,0,-1
-1,-11,37,-1,-4,-5,-10,-3
7,3,-44,-5,1,-5,-8,-5
-4,23,30,46,3,3,13,-6
-3,-9,-68,-39,-3,-1,-4,1
-1,4,7,-43,2,-1,3,1
1,-4,6,-29,0,3,-5,-2
2,-4,41,-15,-2,-2,-5,3
-4,0,21,22,0,-2,1,-3
1,-1,-93,18,-1,-5,-7,1
-8,-8,19,-36,-4,-1,-8,-2
-2,-6,-45,-52,-18,-6,-1,-1
-5,-4,17,14,9,8,9,1
1,-7,-30,-57,-5,-4,-1,0
-3,3,16,17,3,5,6,2
1,9,49,28,4,1,2,2
3,-13,-89,-27,-7,-8,-7,-3
-3,6,17,1,-5,-2,-5,-2
-5,-4,13,-18,-10,-5,0,-2
3,-2,-19,-4,2,1,-4,2
3,7,55,22,17,4,3,3
-3,2,-3,3,-1,0,1,-1
-1,-5,0,32,-6,-5,2,-1
-4,-14,-62,-8,-9,-11,-4,-1
-2,-2,2,-18,4,2,0,-1
-4,3,-9,-11,3,13,5,0
0,0,-11,22,8,0,0,-1
-1,-2,27,5,1,2,-2,-1
-2,4,11,-6,-10,-9,-4,-3
-1,-4,3,6,1,-8,-6,-3
0,-3,-15,8,3,0,1,-1
-2,-1,-39,1,4,3,0,0
-3,-6,34,18,-7,-4,-2,-4
0,-5,49,16,-34,-12,-1,-2
-4,4,-19,32,58,15,3,-2
-1,-8,-11,6,-3,-9,1,-1
0,2,1,-11,-1,3,6,2
0,7,2,-38,1,0,-4,0
2,-13,6,-3,-33,-12,-1,0
-2,-31,27,14,1,-1,-2,1
0,17,10,15,4,1,-4,-2
0,-3,-7,2,1,-2,0,-2
-1,1,0,-13,-8,-2,-2,-2
0,0,-1,-5,5,4,-1,-1
0,-5,22,-1,-8,-4,-2,-1
-1,-4,5,29,1,-5,-5,-3
-2,-6,0,-36,-5,1,-2,-1
-6,7,25,35,-4,3,0,-3
0,0,-21,39,8,6,3,1
-3,-5,-47,-96,10,-2,0,-4
-1,1,16,30,-8,-9,1,2
2,3,11,-16,-12,-6,-6,-4
-1,-4,-8,-4,-5,2,0,0
-1,-6,0,12,-7,-4,-2,-1
-4,9,2,-7,-8,-4,-3,-2
-2,-18,-11,-10,3,-1,-2,-1
-3,-7,17,1,-5,-1,1,-3
-1,8,-4,16,2,1,1,1
-1,-6,-3,-12,2,0,-1,-2
-1,-6,8,10,1,2,2,0
-2,-3,-1,8,5,-1,-2,-2
1,0,-5,-16,-5,-3,-1,-1
-1,-4,-9,2,1,3,0,-3
-1,13,9,-3,1,1,0,-4
-5,-24,-22,-8,4,1,-1,5
-3,3,-10,24,1,-3,-2,-1
-3,-5,9,-34,-8,-6,-4,-2
1,1,-12,-11,-5,-4,-3,-2
5,11,-20,-13,-2,-2,-3,-1
2,3,35,22,-2,0,-1,-1
-11,-73,-26,-6,-2,-1,2,-1
1,16,-9,-1,1,0,-1,-1
-1,-9,-15,-11,0,-1,3,-2
-2,-2,-10,-4,-2,0,-2,0
2,21,16,14,-3,-1,0,-1
-2,-9,-12,-10,0,-2,-1,-1
-1,5,23,2,-3,-2,-2,-2
2,0,-1,5,2,3,0,-2
-3,3,6,0,-1,-2,-4,-4
-2,-6,-6,2,-1,-1,-3,0
-1,12,14,-13,-4,-2,-3,-3
-2,-5,0,20,-2,-4,-2,-2
0,23,-25,-16,1,1,-1,-1
-2,-35,-1,0,3,1,-1,-1
-4,13,-21,-28,-2,-5,-2,-3
-4,-11,-29,22,-5,-1,-2,-4
4,12,5,1,0,-2,0,1
1,-4,8,1,-6,-5,-2,0
3,-1,2,22,-2,-3,-4,-1
0,-1,4,-12,-3,1,1,0
-3,4,0,9,0,-1,-3,-1
-1,10,-2,-6,3,1,0,-1
-1,-8,6,-10,-4,0,-2,-1
-2,4,0,1,1,-1,-2,0
-1,1,6,6,1,0,-1,-1
-2,4,-5,-12,1,-3,0,-2
-1,-4,15,25,-2,-3,-3,-3
-2,-5,-10,-1,2,2,0,0
-1,-2,2,-16,-1,-2,-2,0
-2,7,-4,27,-4,-2,-3,-2
0,-3,42,24,1,-2,-2,0
-3,-2,-46,-22,-1,-3,-3,0
-1,-3,6,-7,-1,5,-1,-2
1,6,12,-4,-3,-2,-2,-1
-2,-8,-1,-17,-2,-1,-2,-1
1,2,29,3,-26,-8,0,1
0,0,5,-7,39,6,5,1
-3,10,-22,8,-6,-2,-3,-3
1,-2,0,-39,-4,1,-1,0
-1,1,15,-21,-13,-4,-3,-4
0,-2,-5,15,-18,-6,-3,-1
-3,-5,2,0,4,0,-1,-1
-2,0,-5,3,0,-4,0,0
-2,0,-14,4,7,3,-3,-1
-1,-4,3,2,-6,-1,-3,-1
1,0,0,-4,3,1,-1,2
-2,0,-11,-2,-7,-2,-3,-3
-1,-9,-8,-7,8,-1,0,0
-1,3,8,9,-4,-2,-3,-3
-3,-3,-4,3,-2,-2,-1,-1
-1,-1,3,5,-1,-2,-1,-2
0,5,8,-4,8,4,0,-1
-1,-4,2,1,-9,-3,-3,-1
-2,21,-9,3,-10,-4,-1,-1
-1,-2,-8,-9,-19,-1,-2,0
-3,-21,8,6,26,3,-3,-1
1,4,-8,-1,-11,-3,0,1
-2,-8,-3,-6,-1,-4,-4,-1
-2,-3,6,-1,-7,-2,0,-2
-1,5,-3,-9,-11,-6,-2,-1
-2,1,9,4,0,-2,-1,-2
-1,-5,5,-16,-4,-2,-1,-1
-2,3,-11,-3,6,0,0,-1
-2,0,4,18,-1,-2,1,-2
0,-4,-7,-22,2,2,0,-1
0,-3,0,-2,-1,-1,-2,-2
1,-3,-5,1,5,-2,-1,-3
-1,-1,-3,3,3,-2,-4,-1
-1,-2,-12,1,-6,-6,1,1
0,-1,12,12,-1,-2,-2,-1
0,-1,-1,-12,6,1,-3,1
-1,-1,-6,-7,-5,-2,-3,-1
-2,-3,4,16,3,5,0,-2
-6,-6,-15,-30,-4,-4,-5,-5
1,-2,-2,5,3,-4,-2,1
1,4,-6,11,-7,0,3,-1
0,-3,24,21,3,0,-2,-2
1,10,-14,-1,3,4,1,0
-2,-2,-19,-21,-4,0,0,-3
-2,-2,4,-19,-20,-8,-2,-1
0,-1,12,28,31,2,-1,0
2,-3,10,6,-8,-2,-2,1
1,-1,-4,1,-1,-1,-3,-1
-4,0,8,3,3,1,-1,0
-1,-1,-15,-16,-13,-5,-4,-2
0,-6,5,5,3,0,-1,0
-1,-1,-4,6,2,2,0,0
0,-4,-2,-2,0,-2,-1,-1
-3,0,-9,-9,-7,-3,-2,-1
-3,-5,-9,-6,1,0,2,-1
-2,-2,9,6,-3,0,-2,-1
-1,0,-3,-6,4,1,-2,0
-2,2,0,-2,-11,-6,-2,-3
-2,-2,6,3,-3,-3,-3,-3
-3,-2,4,6,0,-2,1,-1
-1,0,-10,-9,1,1,-3,-1
-1,2,-4,-3,-5,-2,-3,-4
2,5,11,1,-5,0,1,1
-4,-5,-17,-15,0,0,-1,0
1,-3,2,-5,5,2,1,-2
-3,-1,9,7,-9,-5,-2,-1
-4,-24,-6,34,7,-2,-1,-2
-3,3,-18,-29,6,1,1,-3
-1,0,5,6,2,2,1,-2
-2,-3,-4,-3,-7,-2,-2,-1
-1,0,-2,5,-1,-1,0,0
0,0,9,16,-1,0,-3,-1
1,-3,-7,-26,-2,-2,-1,-2
-2,-3,-6,-32,-9,-2,-1,-3
-1,1,-8,17,16,6,1,1
0,0,4,14,-2,2,-1,-2
-2,2,12,8,-5,-2,-1,-1
0,-2,-14,-5,-5,-4,-1,0
-1,-3,1,-25,-8,-3,-2,-3
0,14,4,2,-3,-2,1,0
-4,-7,-2,11,0,-3,-3,-3
2,0,-10,-9,-3,-2,-2,0
-3,-24,-15,-12,-5,-3,-1,0
-6,5,-5,10,4,-1,-1,-3
1,23,-16,-7,-5,-2,-2,-2
2,6,21,9,4,-1,-1,1
1,3,7,-8,-2,-2,-2,-2
-2,-5,1,-6,-3,-2,0,0
1,-7,-4,10,0,-1,-1,0
-3,-5,-19,-14,0,1,-1,-1
-3,10,13,8,-3,-4,-2,-2
0,-8,-1,-3,-5,-4,1,-3
-1,-5,-3,-1,2,0,4,0
-2,-5,-4,2,4,3,2,0
-3,0,-1,-10,-5,-2,-6,-4
0,-2,1,0,1,1,-3,-1
-3,-7,-2,2,0,1,0,1
-1,1,6,11,0,-2,-3,-1
0,11,3,-13,-3,-1,-1,-1
1,1,-17,1,-1,-1,-3,-1
-7,1,-7,-2,-4,-6,-4,-4
-2,-1,10,0,2,-1,-3,-2
-1,-14,-13,-7,-1,0,-1,1
-2,5,-11,5,-3,-1,-2,-2
2,-3,4,-5,1,1,0,1
-3,0,-9,1,-3,-5,0,0
-2,1,16,-3,-1,0,1,0
1,-9,13,-5,-2,-1,-2,-1
-1,-3,-7,2,1,0,-2,-1
-1,-4,-5,-7,-2,1,1,1
2,2,-4,-10,-2,-1,-2,0
-2,-8,5,1,-4,-2,-4,-1
-4,4,4,18,2,-3,-5,-4
0,-1,-5,-9,1,1,-1,-1
0,2,-7,12,-3,3,1,-2
-1,-7,-1,-15,1,-1,0,-1
-2,-5,6,-20,-5,-1,-1,-1
-3,-1,0,0,-2,-3,-4,-3
-2,0,-14,-7,-6,-5,-1,-1
-2,-2,3,2,-1,-2,1,1
-4,-1,9,4,-1,-2,-1,-2
-2,-2,-7,2,-2,-1,-1,-2
1,-5,-20,-12,-4,-2,-2,-2
-7,8,20,9,0,0,0,-3
5,-7,-16,-3,-1,1,-1,2
-6,8,-13,-3,-6,-4,-3,-5
-1,1,14,4,1,-3,-3,-1
-3,-17,-8,1,-1,-4,-2,-2
1,5,14,0,-2,-3,-1,-1
0,-8,12,0,1,1,1,2
-1,-10,4,-2,1,-1,-1,-2
2,10,4,-2,-3,0,-1,0
-8,-4,2,0,1,0,0,-1
0,-4,-5,2,0,0,-1,-1
-2,3,26,5,0,-1,-2,-2
-2,-3,-5,1,-1,0,1,-1
0,-11,-11,-1,-3,-4,1,-2
9,4,-39,-17,-3,1,-1,0
-10,-3,19,8,1,-1,1,-1
1,-4,-20,-6,-2,-1,-3,-2
-1,0,9,5,-2,-2,-1,0
2,1,-13,0,-1,-2,0,1
3,-3,15,-8,-4,-1,-2,1
1,5,-7,0,0,-1,-3,-1
1,-5,-22,0,-9,-4,-1,-1
-2,-14,50,19,16,4,3,-1
1,2,-57,-12,3,4,1,0
-2,-2,10,2,-2,-2,3,1
-1,4,4,-8,-3,-3,-2,-1
-3,-5,8,-3,-6,-2,-1,-1
-2,3,-5,1,-2,-2,-1,-2
-2,-1,8,3,-1,-1,-2,-3
0,-1,-23,-5,-2,0,-2,-1
-4,1,-7,-4,-5,-3,-1,-3
0,-2,-8,-1,-1,-4,-1,-2
-2,0,-6,-4,0,3,0,-1
-2,0,24,2,3,0,1,0
-3,1,-9,-1,0,0,-1,-4
-1,1,5,-4,-5,-4,1,-2
1,-5,5,-2,-3,-4,0,0
-2,-1,-8,0,-11,-1,-1,-1
-1,8,2,16,24,8,-1,-2
-3,1,-37,0,-3,-5,-2,-2
0,-3,11,-1,-1,2,0,1
0,-2,-7,-4,-4,0,-2,-1
-1,-3,1,-6,-12,-5,-2,0
2,5,17,-1,1,1,-2,1
-6,-6,-9,2,-1,-4,-4,-3
1,1,-8,-5,3,1,-2,-2
-2,-3,7,-1,-7,-5,-3,-2
-1,-4,-1,-2,0,1,-3,-1
0,4,-9,-11,-6,-2,-2,-2
-2,-4,-9,1,2,-3,-2,-2
-2,3,-5,-6,-5,-4,-3,-1
2,22,69,13,-2,-1,-3,0
-4,-24,-48,-16,-6,0,-4,-2
-1,-1,24,-1,2,0,0,-1
0,-1,5,6,-5,-4,0,-2
1,-4,11,-1,1,1,2,-1
1,5,18,4,3,0,-3,0
-2,3,0,4,-1,-3,-1,-2
-4,-6,-27,-12,-7,-2,-3,-1
-3,-8,-23,-8,-3,-1,0,-4
-1,-6,5,4,1,-2,-1,-1
-1,-7,-28,-5,-4,-2,-3,-1
-3,7,21,2,0,1,-2,-2
-4,-1,-2,-1,0,0,-1,-2
2,-20,-24,-2,-1,-4,-1,-1
-3,0,27,-3,0,0,0,-1
-5,0,17,10,-2,-2,-3,-2
0,-6,-50,-14,1,3,0,0
-2,6,28,7,-2,-2,-3,-3
-1,0,-22,-6,0,-1,0,0
-1,-8,-6,0,-4,-2,-2,-1
-2,1,14,1,-5,-4,-4,-1
-1,8,0,-5,2,0,0,1
0,-4,15,2,-1,-2,-1,-1
-1,-2,-10,3,0,1,-1,-1
0,-3,-34,-7,-1,-2,1,-2
-2,-2,20,5,-4,-3,-1,-1
-1,0,-6,-6,-2,0,-3,-1
1,-5,2,2,-3,-2,0,3
-1,-6,-4,-17,-4,-1,-1,0
-4,5,10,-17,-5,-3,-1,-3
-1,2,1,22,7,3,-2,-2
0,-1,-12,-52,-13,-6,-3,-3
-1,-8,5,77,14,3,0,2
-3,3,-31,-96,-17,-5,-4,-4
-2,-1,4,9,8,0,-2,-1
1,2,7,6,-8,-4,0,-1
-1,-3,-5,4,-7,-1,-2,-2
0,2,7,98,7,2,-7,-2
1,-9,-5,-6,-4,-2,3,-8
-4,-3,0,23,12,3,-1,4
-4,-1,3,-15,-6,-6,-3,-2
3,2,7,-8,-2,-1,2,0
-1,0,0,4,0,2,0,1
0,9,22,17,6,3,2,-1
-3,-6,-32,-33,-6,-2,-2,-3
-6,-15,-49,-13,-7,-5,0,-2
-5,3,8,5,-6,-5,-5,-1
3,3,0,-26,-27,-6,-4,3
-1,-4,25,25,29,8,2,-15
-4,-17,-16,-39,-3,0,-2,-2
-3,25,-1,-4,-4,2,5,3
27,-28,-7,-9,-15,-5,-1,0
-20,-10,-1,2,-7,-8,-3,-2
4,11,14,52,4,-1,4,4
-3,6,10,-24,-1,-4,-4,-3
-3,5,-8,5,-3,-1,0,-2
4,9,-27,-11,-5,-1,0,5
-1,11,6,21,9,2,2,-2
-1,-2,-12,-7,-4,-2,-2,3
-7,3,-3,8,11,2,0,-6
0,-7,15,-4,-5,0,0,-2
-6,-4,8,-4,-2,-1,-3,0
3,-3,-10,6,-6,-3,-2,-4
-5,-1,-11,4,6,1,-2,-3
2,1,12,-19,-4,-2,-3,0
1,4,7,-8,-3,-1,-2,-3
2,-10,-2,-20,-3,-3,-2,0
-7,-6,-8,-2,7,1,1,-2
2,1,-2,4,-6,-2,-2,0
0,2,6,-10,0,-4,0,0
2,-7,24,14,6,0,-2,-2
-11,-4,-32,-4,3,0,-1,-3
1,4,25,-5,-5,-3,-2,1
0,-4,-12,-3,-1,0,-1,0
-3,-9,-1,52,6,2,1,-1
-1,10,26,-72,-17,-9,-5,-4
0,-6,-36,-2,0,-4,-3,-1
-2,-1,11,9,4,5,2,0
-2,-1,-5,-7,-1,0,-1,-1
-2,-1,-4,21,5,1,1,-1
0,-2,3,3,-7,-4,-2,-1
-1,-1,4,-7,-2,-6,-1,-1
-1,-3,-15,-11,-3,-1,-1,-4
-2,-6,3,12,3,2,-2,0
-1,0,11,-3,-2,-2,-2,-1
-1,1,-8,11,1,3,0,-1
-1,-3,0,-5,-5,-3,-1,0
-3,-1,-5,1,-5,-5,-2,-1
0,0,-2,8,-4,-5,-4,-1
-1,0,14,9,16,0,1,-1
-4,-6,-4,6,1,2,-1,-2
-1,4,-17,0,0,3,2,-2
0,2,-2,-8,-2,3,0,-2
-1,-4,2,15,-8,-5,-2,-3
0,-7,-13,-49,-7,-2,-1,0
-3,4,4,16,0,-3,-2,-4
-2,-11,3,7,-2,-2,1,0
-3,1,12,-4,-4,-2,0,-1
-1,2,-3,4,4,0,0,-1
4,33,3,5,-1,2,4,0
-6,-47,-13,-7,-4,1,0,-4
-6,-9,-6,-22,1,0,-3,-2
-1,1,-11,8,0,-4,-2,0
0,-1,-9,10,0,-4,-4,-2
8,39,29,-28,-2,1,4,6
-6,-13,-57,-18,-10,-3,-5,-6
-4,-8,-12,-11,3,2,2,-4
1,-9,14,11,0,-1,-1,1
0,0,-9,12,2,-2,0,-3
9,31,99,21,3,0,-1,6
-8,-22,-33,17,-12,-12,-5,-4
-14,-43,-22,-72,-14,-3,-4,-8
3,11,82,37,14,10,5,2
-1,-1,36,-24,0,4,-1,-2
7,17,47,41,2,-1,-1,3
1,-6,-4,20,-1,-16,-5,-1
-6,1,-40,15,-5,11,-4,-4
5,17,57,-25,8,1,6,4
-11,-27,-30,-28,-39,-14,-6,-9
4,5,81,-14,51,13,2,3
-4,0,-33,11,-1,-6,-2,-1
4,0,-4,16,-5,-2,-4,0
4,13,35,3,0,2,1,1
-3,-4,-33,-17,-31,-6,1,-2
2,6,3,1,-3,-12,-6,-1
-7,-19,-77,-26,1,-5,0,-4
1,-2,11,-41,4,10,2,0
-4,3,9,13,-33,-10,-4,-3
0,-3,-3,16,49,17,5,2
-3,-10,-25,1,-29,-13,-5,-3
0,8,-2,-16,3,-2,0,-1
4,11,-17,34,13,6,2,4
-2,-5,6,-41,-39,-16,-4,-5
-2,-4,-12,-1,6,4,-1,-1
0,7,9,14,11,1,-2,-1
2,-1,-36,-1,3,4,-1,1
-2,-6,22,7,-11,-7,-3,-1
-4,2,16,40,14,8,-2,-5
3,-2,-77,-1,9,2,1,2
-9,-10,56,4,-10,-9,-5,-6
0,-3,-7,-34,-11,-5,-3,-1
1,1,19,9,-2,0,0,1
-1,3,-3,-3,-11,-5,-3,1
-4,-5,-6,-26,-8,-4,-3,-3
0,0,-13,9,6,5,1,-1
-1,0,6,26,12,5,-1,-2
-4,1,33,39,5,-3,-5,-4
0,-2,-17,-18,1,3,6,1
-1,2,28,-1,-11,-4,0,0
-1,-1,-5,-10,-8,-7,-2,0
0,-4,-69,-18,2,-2,-4,0
-3,-3,32,34,1,-4,-6,-3
0,1,-3,-10,-2,1,1,0
0,-3,0,0,-1,0,0,7
-3,3,31,-4,1,-1,-1,-21
-3,1,-9,5,-1,1,-2,3
-1,7,-9,-27,-45,-17,-1,1
3,-4,-12,45,60,21,3,3
-11,-10,36,4,-9,-5,-4,-4
6,1,-39,18,9,2,2,1
4,-19,39,-30,-34,-11,-7,-5
-12,5,-5,-51,-24,-7,5,2
11,12,7,23,4,3,8,11
-16,-11,9,-16,1,2,-4,32
-26,-3,-37,16,24,-1,-15,-95
8,-20,-6,2,-21,-9,-4,6
1,9,16,-5,13,5,-2,1
-2,-8,1,-18,-16,-5,4,7
27,28,1,4,13,6,12,37
-16,-11,-19,-21,-30,-13,-4,-3
-1,28,-13,33,21,10,11,-25
0,-24,9,32,-2,-2,-2,-1
-22,-36,-23,-13,29,2,-9,-7
25,26,12,-26,-33,-8,1,-6
-40,-20,1,-6,12,2,7,33
11,32,-10,3,-3,-1,-8,11
-27,-8,1,33,15,5,-4,-11
12,5,-5,-47,-20,-7,-5,-27
-29,-7,3,-26,-13,-4,4,31
13,-24,-1,2,14,4,-8,-60
5,25,4,-2,-19,-5,4,46
-22,2,-9,5,-29,-9,-7,-18
5,18,4,-40,38,7,3,23
43,-25,-5,5,-4,-2,5,-8
-33,-28,-10,38,47,6,-4,26
16,7,39,-9,-18,-6,14,63
17,-9,-14,70,15,1,-18,-87
83,20,5,-65,-39,8,50,83
-41,24,1,-128,-83,-24,-63,-101
-53,-30,-43,122,113,22,-29,97
-4,-109,-3,7,-12,1,47,74
12,111,-19,-4,-2,-15,-31,-46
-53,-100,11,-1,-10,-8,-30,15
-41,98,6,60,-5,-2,27,34
98,-4,15,-128,37,-1,-44,82
-81,1,31,-29,-18,-9,12,-51
-38,86,-22,91,69,43,87,92
52,-100,-11,-128,-22,-11,8,91
-5,52,-20,-21,-104,-28,-28,-71
1,65,18,24,-27,-18,-36,106
94,89,37,23,8,8,33,-54
96,65,-6,-68,-73,-21,-73,15
-82,-37,-27,-11,6,-3,28,-3
25,1,-13,-117,-26,9,62,104
-95,114,26,-73,-52,-11,-26,-79
39,60,10,-122,-111,-3,55,47
-92,-65,-66,81,31,7,14,4
-2,-93,20,-24,-29,-49,-128,-15
-71,0,9,-121,8,4,-30,73
37,62,-9,-111,0,-6,6,-52
65,76,36,-83,-46,-6,1,107
13,17,-40,34,24,-6,66,-18
110,-20,-9,51,5,-5,28,122
-6,-83,-1,56,14,-20,0,28
39,-50,-8,20,-8,-15,-97,-86
17,14,-11,22,20,23,80,103
-40,4,-8,0,-2,-2,-63,-73
-10,40,3,55,31,-10,-61,40
-19,0,15,9,20,1,33,77
-35,63,-11,-7,6,52,25,-45
53,44,3,15,-8,15,54,61
59,-113,-38,28,18,10,75,27
-47,127,64,8,-15,-31,-88,101
11,26,13,-3,-2,-36,-19,117
6,24,-20,-1,-10,8,11,-57
-41,-31,6,16,26,25,43,77
-3,17,8,-29,-22,-5,4,-111
-9,-115,-12,6,16,-6,-27,-75
27,16,-21,-1,3,-6,28,36
-66,96,4,22,27,14,46,-27
-101,-107,-61,-29,-19,9,-10,-72
-44,89,0,20,21,10,-11,-16
56,-116,-33,-14,-18,-27,9,24
-128,33,7,2,3,-7,-46,-118
73,48,-1,-6,6,44,53,123
-64,96,25,1,10,32,-4,-13
-11,-123,0,-16,-17,-23,1,36
-51,-10,10,2,0,-11,-61,-25
127,53,21,0,-1,-13,24,24
-63,32,9,0,4,3,-29,37
-14,-12,4,6,4,7,3,-8
35,-9,0,9,6,13,8,-43
-15,-26,19,-5,-14,-9,-7,-128
64,-5,30,15,12,-15,12,2
11,-15,14,1,6,29,5,29
6,51,23,5,11,16,-2,81
-128,-84,-15,-21,-18,-24,-44,-73
-1,84,19,-8,-4,-8,0,-3
-23,86,16,-1,-3,-9,-30,-12
35,62,12,1,1,-8,24,-15
30,59,14,9,6,17,41,86
-96,-11,-16,0,5,13,50,94
100,105,9,8,11,11,-52,-64
-125,-84,-62,-20,-21,-31,-68,-117
-55,127,20,12,7,-1,30,37
95,-70,-14,1,6,8,-43,-64
-128,79,-35,-2,-8,-11,0,-7
127,121,1,6,7,9,36,68
68,61,-4,-4,1,0,-40,-14
-90,7,-10,4,6,7,14,3
-32,-29,6,2,-1,-4,10,69
20,-71,-9,0,2,8,24,31
-71,-23,-5,-8,-9,-6,-22,-11
42,-38,2,-5,-10,-7,-12,-12
57,17,3,1,-2,-9,-22,26
-128,-20,2,8,8,6,-22,118
127,-65,-5,-15,-13,-5,72,-24
-109,-110,-20,-6,-12,-31,-64,-99
-72,75,2,-9,-12,-17,55,53
39,113,12,6,9,26,-19,-104
58,78,13,6,7,16,25,127
125,-9,-17,-12,-10,-21,27,35
-23,-3,-16,-1,1,21,0,-36
54,82,33,4,-1,10,45,-56
-128,-90,-29,-8,-9,-35,-79,-95
-16,82,0,-6,-7,-12,-16,14
39,49,13,5,0,-11,-14,46
-11,14,-53,-9,-3,-2,28,16
24,-16,0,1,3,7,-3,6
-21,-25,-6,0,4,11,-10,-28
8,-27,17,6,6,9,33,-3
-13,-55,4,1,2,-2,-16,-25
13,-10,-5,-6,-5,-5,10,25
62,-7,6,-3,-1,7,17,-46
41,-11,8,0,-1,2,8,-7
11,-21,-4,-6,-8,-11,5,-1
-33,56,3,7,12,7,1,-62
-27,-34,-5,-4,-6,1,9,1
12,-32,-13,-7,-10,-10,-23,1
-15,-8,4,4,5,-3,-6,-7
6,44,17,6,5,14,30,27
-8,11,-7,-1,0,3,1,1
-1,-31,-13,-4,-6,-7,-2,61
-9,-5,18,1,-2,-7,-52,17
1,-1,7,1,0,2,6,-34
-19,-5,4,0,-21,-2,-11,2
4,-24,-21,-5,-1,-8,-10,40
5,13,2,17,6,2,13,13
8,14,3,1,-3,2,16,51
2,-19,-22,-2,42,7,-5,-14
4,2,21,-2,-20,-3,5,-36
1,-24,-1,-14,-16,-6,4,-7
-13,-11,11,0,-10,-4,-18,2
2,-3,10,-6,-13,4,43,-22
7,-12,-13,-4,11,-2,-3,-15
-7,10,-5,-2,-4,-8,-10,-25
15,-11,-1,7,12,6,12,45
-10,51,22,3,-1,-7,-12,29
18,-24,-2,5,11,7,-4,-12
-10,-31,-15,-5,-7,-3,0,-14
4,53,13,-5,-7,-3,12,16
2,-2,-12,-4,0,-2,-6,-2
-14,-2,1,5,6,0,3,-19
-3,4,3,-2,0,0,14,80
-1,-23,-7,0,10,2,-9,-24
-12,10,-13,-2,-5,1,-6,4
-2,-12,-17,-5,-8,-9,-14,-3
4,39,7,-2,6,0,10,17
8,-62,43,-2,-2,2,21,-17
-11,16,7,2,-10,-12,-30,-4
6,-19,-29,2,5,7,15,25
-18,3,-23,-11,-4,-6,-11,-47
7,11,28,5,2,2,5,14
-5,16,-5,-5,-4,2,2,9
-6,-6,-1,-4,4,1,1,5
18,-45,35,5,-2,0,-6,-36
-8,47,2,-4,-11,-11,-19,2
2,-37,6,-1,0,5,8,9
-10,31,-12,18,19,0,-4,-5
-3,-21,-7,-10,-1,6,6,-2
-6,-9,-32,-3,-10,-9,-3,-6
8,16,16,1,2,3,7,4
1,-19,40,-2,-12,-5,4,2
-17,79,36,-4,-2,-4,-13,-14
18,-27,-79,-16,0,1,3,2
-26,31,-6,1,-6,0,-8,8
-3,-35,72,4,4,2,6,-29
22,18,48,9,5,2,-1,4
-14,59,-15,-1,-4,-3,-13,0
9,34,1,2,9,2,9,77
5,-48,-51,-4,-4,0,4,-4
-35,-16,-57,-16,-11,-4,-4,65
23,-17,21,8,3,-10,-44,-66
-12,-53,2,3,-3,-2,2,38
-14,-18,-23,-8,-7,-5,-9,-13
13,-33,-23,13,8,6,13,18
-19,-51,-20,0,-1,-3,8,19
15,10,36,-4,-3,0,2,-39
-2,74,-55,-29,-15,-7,-16,0
-7,-63,1,7,16,-1,-8,-42
-31,-92,-123,-17,-4,-5,1,3
3,-21,50,8,-1,-3,-3,-31
-6,13,34,10,-11,-4,3,3
2,17,36,-38,-61,-20,5,76
-3,80,19,44,85,24,-11,-86
-2,-38,-23,-1,7,-1,5,33
7,26,-22,17,-4,2,-1,24
-14,19,-72,3,-23,-13,-15,-30
-16,-17,23,-19,-5,-1,14,60
21,17,-52,-17,-11,-4,-5,-70
-3,58,23,11,6,5,2,-17
36,-22,23,49,-11,-4,-11,-19
-7,21,24,-70,-17,-5,11,-43
-4,-12,-90,-39,14,10,-5,21
-29,-48,18,82,53,5,-5,1
1,-18,-42,-94,-36,-23,-14,-28
1,-13,14,77,-7,7,15,48
0,-1,10,-17,35,12,6,-7
25,36,54,-79,-53,-13,6,80
-15,-26,-43,-23,108,39,-14,-83
7,-3,8,52,-48,-16,-5,24
0,67,-30,-47,-58,-18,2,5
3,43,80,103,94,34,9,10
-9,-9,-59,-108,-117,-53,-9,10
20,93,3,53,62,22,12,64
-51,-46,6,103,84,31,-17,-107
-6,-39,-26,-73,-19,3,-4,47
7,16,35,-48,-8,-1,17,-14
-13,-27,21,-32,-35,-11,11,73
29,53,-1,-61,-90,-33,-20,-16
0,21,-32,16,7,-13,-25,-18
-17,-75,-68,74,-41,11,3,-50
-5,22,-7,-128,-42,-16,3,52
-1,-48,44,127,1,6,-10,2
-8,-21,-31,-4,-73,-7,2,-2
25,74,29,20,-2,-2,1,21
47,23,82,-74,-94,-45,-4,91
-70,-62,-37,-18,93,66,8,-63
6,-10,-61,-128,-53,-13,-6,-22
21,66,74,-9,-21,3,4,38
42,82,36,-128,-105,-44,-6,46
-72,-91,-39,49,-11,-24,-13,-51
-11,25,18,44,-7,2,-5,-27
10,3,18,-8,44,32,19,26
1,45,21,44,-55,-13,-5,5
37,37,8,38,17,-7,4,-43
-10,-68,-44,0,39,7,-1,1
-16,2,13,-84,-81,-40,-12,10
-9,-24,39,111,127,68,9,-53
5,35,-70,-32,-61,-16,3,66
5,2,18,-41,-41,-12,4,-13
-4,-10,2,51,59,15,5,26
-27,-33,-49,26,19,4,-17,-128
36,23,48,-7,-7,4,13,72
12,9,49,-114,-85,-43,-10,-10
-26,-36,-14,59,93,76,13,12
-18,-49,-50,98,22,23,1,-25
12,1,-24,-43,-58,-12,0,29
9,38,45,-128,-128,-42,-12,-18
-3,-9,15,74,77,28,6,-4
-22,-60,-86,83,101,28,-1,-24
3,-17,45,-126,-57,-24,-10,12
3,100,-25,-23,-4,4,7,11
26,-86,18,78,33,-2,6,58
-18,10,15,-3,-2,-4,-27,-29
18,29,8,7,-10,-12,5,83
-13,-1,28,40,42,18,-1,-1
-4,31,-5,-115,-99,-38,-11,13
7,-12,30,-32,43,23,11,-7
-3,-14,-10,52,59,16,7,-12
3,-45,-40,54,-1,6,0,4
-4,29,31,-28,-32,-16,-11,-37
0,-41,-23,-128,-102,-32,0,-1
-19,-5,-42,-101,-112,-34,-9,-14
5,-1,59,-23,-25,-10,1,-2
-3,88,1,13,70,27,11,10
-18,-67,-52,54,66,8,-17,-66
9,31,65,-88,-59,-8,6,51
-3,-23,-77,-63,-20,3,4,6
-9,32,10,-77,-69,-23,-9,-21
15,33,48,1,-27,-3,7,31
7,1,-32,-6,53,11,-1,-9
-11,-13,-24,86,43,5,-4,-17
-6,-36,-62,-2,-16,-9,-5,-3
-2,4,59,9,8,6,3,8
4,-10,-14,-21,-6,-6,-1,-2
6,10,93,89,68,24,12,8
-8,-3,127,88,16,-6,-7,-9
-13,-21,-38,-54,-92,-35,-14,-6
5,14,31,-71,-10,6,6,-4
-18,-17,-23,29,27,2,-7,-9
11,17,70,91,42,11,3,-2
-8,-8,26,-5,-20,-12,-7,1
7,18,-47,-31,-3,-3,1,9
12,30,93,62,29,13,5,4
-21,-60,-128,-54,-73,-23,-9,-15
4,38,72,3,-4,4,4,9
8,12,46,75,12,2,1,9
-20,-2,1,-39,0,8,5,-10
11,-29,-89,-79,-50,-32,-18,2
10,44,62,108,27,9,6,5
3,9,68,95,47,13,1,-1
9,-2,33,-86,-26,-7,-2,2
-13,-3,-39,5,-6,-3,-3,-3
-34,-77,-112,-51,-41,-24,-17,-10
13,-4,51,72,60,16,6,2
-6,-21,-18,-20,-37,-14,-8,-14
21,14,59,30,28,19,14,12
11,9,13,-18,9,6,6,10
-2,1,13,21,13,10,4,1
-23,-26,31,50,-25,-23,-18,-15
0,17,51,5,17,3,0,-6
35,34,39,-75,38,27,18,23
-24,7,-14,-84,-67,-38,-19,-19
9,-23,2,-10,20,15,7,11
-1,9,86,53,9,-3,-5,-5
-4,13,10,-14,-2,1,2,7
9,17,23,33,6,8,6,7
-16,-17,-52,83,20,0,-3,3
1,22,51,-62,-10,6,6,0
-17,-37,-48,89,-6,-5,-5,-9
-25,-53,-61,-29,-40,-23,-26,-21
10,18,84,-5,6,-7,-17,15
2,14,122,59,64,34,53,-14
0,23,-48,-79,-22,-4,-1,-8
-21,-4,6,46,-19,-22,-13,-12
8,-3,-105,-128,-19,6,3,8
-16,-72,-105,105,44,1,-17,2
16,22,-54,35,18,6,5,8
15,49,88,90,25,11,10,5
-11,-49,53,78,33,0,-4,-13
15,35,-43,-89,-21,1,2,11
-33,-68,-49,19,43,0,-8,-14
-16,-46,-36,-81,-27,-16,-15,-9
29,41,108,55,20,16,16,13
8,27,25,-38,-22,0,-3,9
-11,1,62,54,76,3,-6,-4
45,97,52,0,40,38,33,35
-43,-56,-128,-65,-29,-23,-20,-28
14,11,-51,59,-30,5,4,7
-19,-30,-33,-63,-74,-40,-27,-21
-41,-68,-76,-49,55,-10,-17,-22
44,31,-90,15,10,31,28,27
-61,-8,-14,32,56,-21,-34,-33
15,13,73,-55,-42,2,8,9
8,-55,-35,4,-4,4,8,7
-29,-23,-42,-68,-70,-23,-14,-18
-15,15,-46,-128,34,-15,-17,-11
3,-18,10,7,-13,-2,1,0
-4,-41,9,1,-37,-1,4,1
25,77,93,114,95,26,15,18
-14,42,-25,-37,-69,-25,-14,-17
39,85,127,45,-12,10,13,17
7,-8,127,86,29,11,8,12
13,72,52,-50,-35,-4,1,1
12,24,118,-53,2,6,4,2
3,-4,-17,6,-30,-1,4,4
2,1,-86,46,-27,-19,-10,-8
-2,-86,20,24,7,-1,0,-2
24,41,17,28,-76,0,11,13
-3,50,-52,-44,43,9,4,-1
8,-36,-33,-69,-15,4,2,4
-26,20,65,-104,-83,-29,-17,-21
34,4,-21,92,62,32,19,29
-21,-80,-71,-85,-33,-16,-11,-14
4,26,72,42,17,12,7,8
-34,-17,-44,-83,-44,-26,-19,-22
0,-45,118,-44,-42,-8,-3,0
9,33,52,51,12,6,2,5
-16,3,81,8,26,-3,-4,-9
63,103,62,60,60,56,40,44
-9,45,14,-40,-95,-44,-22,-16
-31,-11,96,127,37,-11,-17,-24
21,44,35,-46,-42,-6,-1,3
2,-14,-7,54,37,9,8,7
-8,-33,-65,-61,-3,0,-5,-2
2,-17,-12,-88,-18,-3,-20,10
3,18,-59,-30,-17,-2,19,1
-8,-30,-59,0,15,-5,-6,-9
-37,-60,-75,24,31,-25,-57,3
18,13,12,-10,-32,24,18,-25
19,18,54,17,41,54,70,13
-30,13,60,16,14,-11,-4,-18
26,-48,26,-9,-13,-24,-36,19
7,38,106,5,4,-20,19,12
14,21,35,-15,-2,13,5,22
-29,-30,17,-10,-18,-54,-91,-57
26,1,55,72,26,35,70,-57
-14,-49,-70,-62,-9,25,26,60
27,4,-3,-5,-4,-47,-127,-56
39,-2,-8,20,-3,31,84,82
43,-8,46,24,42,45,-97,-25
108,13,23,3,-25,-60,30,-26
-59,2,42,3,2,52,127,83
12,-17,-11,12,-3,-62,-128,27
-128,-20,-78,-16,-22,-39,-28,-47
2,-6,-12,7,-1,-8,-103,-34
2,-23,46,8,-5,-42,-128,-3
73,6,55,-12,1,40,127,23
5,3,22,-9,0,5,-64,47
8,4,10,23,14,49,54,-38
36,-14,-57,-14,-19,-64,-75,-27
4,-14,-42,6,3,25,-4,-42
19,-2,-1,-1,7,22,63,13
-3,21,10,30,6,-27,-44,-25
4,-5,-35,-12,-10,29,20,39
-85,-1,-7,15,5,6,-5,-6
-7,-26,-54,-57,-24,-27,22,11
-44,15,50,23,0,-18,-54,19
-27,-27,-87,-11,3,5,117,-28
66,-18,-34,-10,-5,26,-53,1
12,-4,65,20,23,9,19,-4
-70,14,15,-14,-13,2,-11,-10
75,-21,-73,-30,-8,-37,-60,-19
-16,-26,58,32,9,5,-13,-20
-25,-3,25,8,-12,5,37,14
-21,-15,4,-16,3,19,27,-30
-36,25,46,18,3,-5,-13,-17
-15,-15,-20,-11,-6,-8,-38,-9
21,-8,-10,1,3,-2,10,27
-12,-7,-1,0,4,11,-9,41
26,11,-10,-7,-7,4,39,-18
-43,18,0,-2,-5,-13,-11,-17
7,7,-18,4,-3,-8,-20,-28
19,-2,38,13,6,-6,-11,38
-37,0,11,-13,-6,3,-5,-10
4,5,-14,-6,-1,-6,12,6
-18,7,13,12,1,-5,-16,-31
24,1,34,9,0,5,19,8
-52,-3,14,21,-4,-2,-30,-29
-36,14,-81,-63,-14,-18,-33,-20
29,33,34,1,1,6,25,11
-2,-28,-37,-16,-6,-2,3,-3
-19,-23,53,15,4,-5,-20,-13
4,-14,-18,17,4,-4,-12,24
27,-9,-36,-2,-6,-4,-4,14
26,8,17,-4,1,4,-25,35
-41,46,-17,-15,-1,7,63,-15
38,-3,-20,11,0,-6,-6,9
-4,-92,-34,-15,-3,-5,-2,3
-7,24,-42,1,-5,-4,-22,-51
2,5,-52,-11,-3,-3,23,12
-18,-20,-13,7,3,-3,21,-28
13,23,11,5,-1,-2,5,16
12,-12,2,-6,-1,-2,9,-16
-24,-12,-28,-14,-5,2,4,-5
66,65,77,5,1,-2,22,3
14,21,27,3,-3,-4,9,10
-56,-93,-9,-1,3,2,-1,-13
-23,39,52,7,-6,-4,-42,23
-87,69,120,29,16,18,10,73
58,2,-80,-26,-5,4,35,1
85,55,45,-14,0,-2,5,-10
23,-26,62,-1,5,10,-13,-4
4,-34,7,21,3,-7,-11,15
-43,-23,16,11,-3,-12,-41,41
-5,14,-39,-8,-1,5,28,2
26,4,-6,0,-3,-5,-9,-33
18,9,-19,-8,-8,-21,-23,39
-84,-49,3,1,0,7,37,-107
-18,-18,-24,-5,-5,-1,-18,16
65,73,58,3,-2,-16,14,68
-62,-29,-32,-13,-13,-5,-48,-47
-3,0,6,2,5,-13,35,-21
-25,0,54,15,-4,-9,-36,-24
-19,-52,-69,-14,4,-4,-44,-45
88,-61,14,-21,-12,-7,6,24
95,1,60,3,5,6,-14,9
-28,-63,5,4,-2,-10,1,2
12,-7,-44,-5,-3,-1,13,-11
-27,4,-27,-4,-1,-1,12,-28
-10,18,12,-3,-2,4,-27,10
-45,22,-13,-5,5,1,45,75
47,-28,26,-5,-8,-3,-29,-87
-21,19,-60,-9,1,9,51,64
-16,65,80,10,1,3,4,44
-1,4,-28,8,4,-12,-46,13
-90,-58,10,-13,-15,-6,-11,-26
75,16,-28,-23,0,21,-1,-71
-23,-10,23,0,-3,-7,-18,-35
-57,34,0,5,-2,-3,16,77
4,38,115,24,6,-9,-33,-45
-66,0,-52,-6,0,-12,29,-24
25,-31,36,0,0,4,-37,74
17,-34,-13,-8,-6,11,83,-12
58,90,50,16,12,55,88,42
98,54,71,25,9,19,-23,-20
23,24,53,4,3,-2,-13,-74
-17,-27,-59,-35,-10,-12,-11,-43
-14,-19,30,-7,-3,7,-16,74
-9,-30,40,7,0,-17,28,-5
69,60,80,36,20,38,101,29
127,74,127,11,-6,14,-6,-35
27,-91,-95,-78,-17,-11,-14,73
-63,-27,-12,-7,1,-7,-22,15
-40,15,89,26,3,-6,9,80
-12,-13,-58,7,-3,-4,-11,-22
-44,-5,-110,1,1,-9,76,-10
61,-15,18,-10,-8,-11,-47,-37
-64,-6,-33,-20,-11,-12,0,-5
11,7,12,13,10,11,-35,-23
46,6,26,12,6,0,-36,4
3,-28,-40,-5,-9,-14,32,-5
20,-14,-74,-14,-7,2,-7,-62
23,39,24,-4,-5,-9,-8,2
6,-24,-7,10,1,-6,-4,-12
-26,-1,23,8,5,7,9,9
-17,-4,15,-7,-9,-7,-18,1
-22,-6,-10,2,-10,-11,11,3
-18,-26,17,-34,3,-4,-22,-18
-11,-4,11,6,4,13,13,-9
-21,-7,-6,-8,-2,-4,-19,-12
1,-19,15,4,9,6,-15,3
-10,14,27,32,-16,-10,-10,18
-10,2,30,27,-7,-8,-6,2
0,-1,-78,6,5,-6,-24,2
-9,-22,-4,-65,-6,-2,-1,3
-1,7,23,-26,7,1,0,9
-10,-4,15,29,-13,-8,1,-6
-7,-11,-6,-19,37,17,-1,-7
-7,-11,-77,6,-20,-5,4,-5
-7,2,-21,-24,-21,-8,-10,-5
-4,5,27,-19,-8,-3,-12,-2
-9,-7,4,-1,-37,-20,-14,3
0,-7,7,-20,47,7,2,4
-3,-8,-46,27,1,2,-7,0
-3,-1,-25,-24,-10,-3,-1,0
-4,-24,10,15,-6,0,2,1
3,46,127,31,-57,-20,-3,-2
-9,-30,-55,-64,73,0,-5,-6
-16,-30,47,-18,-1,0,-2,-14
3,7,65,-87,-38,-3,3,1
-1,-16,37,99,98,22,11,3
6,28,38,-17,-55,-13,11,10
4,5,19,54,-50,-10,-1,4
-12,-29,-116,-97,-36,-15,-28,-6
1,-2,-16,38,44,8,12,7
1,13,4,50,9,7,0,1
-3,1,-48,-15,21,3,8,3
-5,33,117,58,-31,-11,-11,-11
-3,-22,-128,-47,-46,-13,-16,-5
-9,-7,68,-32,0,-7,-11,-7
4,18,69,13,21,17,9,7
-3,-18,-106,-1,9,2,-5,-1
2,-9,23,-26,-10,1,-4,-2
-1,19,119,50,8,18,-1,1
0,4,-11,7,4,-6,2,-1
-18,-44,-88,-47,4,-2,-4,-10
0,13,59,-17,-10,-2,4,1
-6,-29,-81,42,-30,-10,-6,-7
1,13,43,44,-12,2,15,8
6,12,-28,71,85,28,20,13
1,6,-31,39,-27,-8,-8,3
-8,-13,25,-38,-4,0,-10,-6
1,10,40,-6,-19,-11,-19,-4
-3,-13,-62,-80,6,-5,-5,-3
-5,9,48,62,-7,-9,-2,-5
1,8,30,-37,-5,1,-3,4
-7,-14,-120,20,17,3,-4,-4
1,-4,1,20,-14,-6,-6,-3
12,40,73,-41,22,17,12,10
-6,0,0,3,-10,-10,-6,-8
-7,-1,66,-45,-4,-10,-12,-11
1,8,48,42,-1,1,4,3
10,11,47,73,30,16,4,7
-11,-13,-42,-28,-47,-20,-3,-7
4,47,82,67,14,7,2,1
-2,17,36,127,0,-8,-12,-8
-4,-49,-78,-19,-9,-5,-4,-1
10,30,-58,84,36,20,21,13
-18,-28,73,-119,-47,-17,-16,-13
-16,-49,-103,13,-18,-12,-3,-8
1,-9,7,-97,-12,3,4,0
6,18,119,92,15,-2,-5,0
-9,-28,-56,-100,3,-1,-3,-8
15,54,86,36,6,8,7,9
-19,-63,-64,-27,-20,-12,-17,-14
-6,-3,-41,-18,-15,-7,-5,-6
19,10,58,41,22,18,15,17
-6,5,65,-52,-23,-18,-5,-9
0,12,-32,89,20,9,1,-3
6,12,-32,89,35,11,-5,3
-18,-32,-71,-5,-13,-11,0,-11
15,14,-56,-57,7,6,12,14
-15,-3,112,-24,-2,1,-12,-11
-2,11,-102,69,5,-5,0,-1
-2,33,-107,7,25,6,-6,-2
-3,-25,97,121,0,3,0,1
-4,24,13,43,-69,-21,-2,-6
-9,-93,-89,15,34,5,-10,-6
15,-23,-62,-27,21,19,20,16
-23,-4,-70,20,-30,-24,-15,-18
13,23,16,78,-14,1,4,7
14,20,127,51,16,13,6,9
-2,-9,79,95,-5,-6,-12,-5
5,25,56,-86,-5,11,0,1
-16,-69,-120,-108,-35,-22,-10,-10
7,91,124,37,36,13,1,2
-7,1,71,71,-26,-33,-8,-3
7,-9,127,76,8,7,4,3
18,26,-36,86,35,10,4,13
-27,-9,-33,-120,-76,-31,-13,-22
16,19,31,88,23,18,6,9
26,28,-12,46,-12,8,27,20
-13,-36,19,-102,4,1,-1,-10
14,27,-34,65,20,9,9,7
-14,-39,-128,-64,-86,-20,-4,-7
-21,-36,27,-57,19,-2,-6,-12
10,26,33,32,31,18,9,5
20,53,41,37,-2,4,7,9
-20,-69,-94,-73,23,-7,-18,-14
-13,-41,-51,20,11,0,-10,-8
4,37,109,28,25,6,1,3
0,-24,-89,-127,-75,-9,-1,1
2,27,83,127,55,-2,-4,-1
0,4,91,69,16,10,-3,-3
-23,-37,-50,-102,-52,-22,-17,-17
29,27,71,51,38,19,17,17
4,17,79,32,-4,-1,7,4
-7,23,-3,-33,-8,-5,-6,-9
3,-2,36,-43,-30,-9,0,0
4,-6,-25,116,40,13,2,4
-3,4,33,-48,14,4,-4,-4
0,12,-13,-85,5,-2,-7,0
4,12,-1,-12,-20,-9,-10,3
-18,-38,12,-56,-32,-13,3,-8
1,10,-10,63,27,6,-12,-1
10,-4,-30,16,-7,0,-17,5
4,19,82,61,47,18,32,6
-31,-53,-118,-128,-66,-36,-44,-23
11,21,-6,18,4,-1,-42,14
-9,3,40,54,9,18,11,-11
-3,-37,-33,-9,-2,17,24,10
-9,-5,51,51,20,-14,-35,-21
-4,-13,-42,-43,-18,-26,69,2
12,3,-14,-53,-27,28,17,0
-7,37,13,45,6,-20,33,1
20,8,-1,-12,1,12,10,4
-7,-55,-13,-16,-9,-9,-30,23
-34,-7,-67,5,-9,-31,-53,-94
-8,-24,-24,11,-3,2,-23,0
-10,19,84,37,9,-4,-21,5
9,27,-5,-44,-11,7,10,8
27,-8,11,5,5,-13,7,26
-39,-18,-34,52,18,12,-18,4
-5,-15,42,1,-19,-10,13,-4
3,20,5,-43,-11,5,-7,-13
25,3,-8,12,-2,0,19,23
10,-2,18,3,-7,-14,-17,-6
1,-15,-7,10,8,7,13,4
-11,4,36,52,2,11,12,-3
14,7,67,-88,-15,-11,-11,13
-20,3,-84,-22,-10,-12,-11,-7
-8,-22,17,7,6,4,8,0
16,21,2,-1,-4,6,5,-2
-1,-3,-42,2,-16,-7,5,-9
-9,-13,27,47,17,-2,-22,-8
-3,-6,-7,-34,2,4,8,-2
-7,-11,-19,3,4,-2,3,9
27,6,-7,3,1,-1,-2,21
-17,12,-7,-27,-17,0,6,-8
10,11,1,14,-1,0,12,16
1,-52,-10,-30,-11,-18,-27,35
-49,-7,-47,19,10,-3,-10,-54
12,3,47,-7,-9,-8,-29,-1
49,17,4,13,9,9,37,9
-19,44,10,-21,-9,10,39,35
7,-23,-19,-22,-22,-21,-7,32
11,-34,-6,48,47,19,8,-16
-60,-15,-20,-34,-14,-10,-24,-34
13,-1,0,6,-5,-1,-7,51
3,-13,12,-5,-12,1,28,24
-36,41,-5,-31,-32,-31,-68,-94
4,-37,-34,5,26,0,-8,123
-26,2,10,1,15,8,-13,-5
-32,34,15,10,6,4,22,40
50,24,5,-2,-7,-3,16,56
12,-29,-5,-4,-14,15,83,32
-32,88,-13,-4,1,8,-48,-73
-74,-47,22,19,15,-8,-30,-51
86,18,-16,-9,-11,-13,7,73
-25,-25,13,-8,-22,-22,-75,62
43,-10,23,1,15,61,78,39
-42,119,36,27,18,17,-30,-50
53,-101,-61,-32,-11,-10,-2,87
-23,37,-58,-4,-6,-6,-2,61
-35,67,-2,7,0,-47,-73,-65
2,39,-4,7,-2,10,11,39
22,100,19,-24,-8,14,79,56
16,-50,25,20,23,-10,-61,-96
-16,63,42,18,-2,44,88,99
52,-43,-51,-50,-22,-14,37,62
-55,-105,-42,-15,-21,-50,-63,14
-80,102,-21,-10,-18,-18,18,-56
-79,64,7,3,-4,-57,-28,6
75,-88,-2,-3,7,30,9,91
14,120,25,6,4,62,107,-12
104,32,-27,-10,-3,4,16,10
28,-116,-33,-24,-26,-63,-128,-128
-92,-22,12,21,7,-3,79,127
13,-128,-58,-46,-10,12,11,-128
-72,80,58,46,17,-76,42,-100
68,51,3,29,29,63,127,127
-52,54,40,15,7,30,-126,-49
67,-67,9,8,-1,6,75,44
3,62,31,-11,-3,24,-27,26
21,18,4,-6,-2,-27,-97,121
106,-56,32,14,13,21,99,13
-128,105,9,16,4,-10,-30,-90
-40,-112,-42,-11,-19,1,69,127
87,18,21,10,21,6,107,-79
-21,-23,-110,-42,-42,-119,40,-59
-99,63,57,32,25,31,-11,85
56,21,-1,-10,-11,-37,-73,17
-80,-108,-84,-43,-40,-94,-118,-128
-54,-3,47,2,-11,-86,104,42
-32,26,5,-4,1,34,-76,43
-56,127,-4,6,11,68,22,54
27,-28,-62,7,-1,-56,-50,127
-88,99,48,6,-5,-37,-29,52
106,-121,-34,-14,-8,-8,-90,-13
105,115,20,25,28,81,52,123
22,-99,-26,2,-3,-24,-66,13
85,50,-4,21,19,33,4,-106
-27,-12,23,-8,-9,5,23,28
-66,20,41,17,4,-22,1,45
87,-128,-59,-21,-21,12,-23,99
88,-29,3,0,27,100,36,6
-54,104,-24,7,-1,-7,-42,126
-54,6,2,-9,5,21,-122,-128
-6,18,103,18,-7,-73,55,56
32,108,-8,-7,-4,88,-5,63
-109,-75,-10,-15,-12,-49,-24,33
54,-70,1,-9,2,112,29,2
-50,75,37,-3,1,58,21,-27
-70,36,-39,10,4,-35,-77,-28
12,64,7,17,9,-13,102,108
58,-72,52,-11,-21,-124,-124,-11
-14,-9,2,11,10,13,-25,-46
107,6,4,-1,3,46,42,16
-24,12,-8,3,-2,6,-4,-47
18,-56,3,-5,-10,-41,-21,127
-105,86,12,-1,7,27,-23,-43
-11,-128,-20,-5,-4,3,15,-115
9,124,64,27,20,-52,-55,-61
-85,-98,-94,-30,-13,49,118,-52
55,-22,-6,-12,-16,20,-8,3
-29,56,8,-6,0,-26,3,30
30,-35,8,3,-1,47,2,6
-31,-36,-11,-3,-1,-18,9,-46
-39,38,-7,-8,-2,23,28,-32
-49,-35,-38,4,-23,-33,-89,-26
28,-16,-12,-20,45,2,-13,-12
10,-12,-1,1,-7,-19,-4,-7
-13,-7,-4,-4,-5,15,4,-21
17,-20,13,7,-10,-16,-43,46
23,-18,0,5,-13,1,20,-13
3,11,6,1,-5,-5,-12,-24
-2,-17,18,-18,-32,2,26,-7
-9,2,8,35,68,21,-9,3
0,-2,-95,-30,-12,-3,6,-13
-12,-8,21,3,1,-13,-12,-18
3,13,8,-5,-10,5,6,7
3,4,-2,-1,-31,-20,-23,14
0,-22,-32,-59,-20,-14,-13,-10
20,8,44,55,32,9,5,19
13,20,14,22,16,27,26,8
-28,-43,-67,-105,-43,-24,-40,-18
10,0,86,54,-13,-10,3,-4
-4,0,-2,-81,-27,-15,5,-7
15,62,61,126,88,45,30,17
-34,-54,-95,-68,-28,-16,-32,-17
-7,-14,-49,-97,-46,-22,-15,-12
5,-5,-37,39,3,2,5,3
-3,13,92,5,-6,-3,-4,-5
16,16,24,63,35,16,3,22
7,6,-7,25,14,2,3,0
6,15,10,73,5,0,-2,-2
-3,-19,-21,-83,-10,-1,7,1
2,36,96,115,15,8,3,3
-7,-22,-49,-74,-21,-4,-1,-5
-17,-22,-78,-54,-19,-15,-14,-15
-12,-18,-1,8,-10,-4,-3,-4
8,21,22,27,1,-6,-5,5
13,25,68,127,49,22,12,16
-25,-8,104,-101,-33,-13,-11,-6
-7,28,-1,40,-4,-4,-1,-3
-20,-80,-60,-92,-24,-11,-14,-14
7,24,126,109,7,-3,2,3
6,0,19,-70,-3,3,3,0
-10,-24,50,-4,-4,-8,-6,-8
19,63,116,54,29,18,13,21
6,-67,-93,85,37,20,12,4
-13,-10,90,-68,-66,-27,-20,-15
-9,-35,-49,93,0,-3,-7,-11
16,51,23,27,7,0,3,9
6,14,-49,52,5,1,4,1
14,8,-86,37,37,18,11,7
-16,-18,28,-41,-26,-12,-11,-11
4,29,31,-99,-20,-5,0,0
5,20,102,-15,-8,-4,-3,-4
12,-15,-66,106,44,17,12,13
-24,-86,-113,-120,-34,-15,-13,-12
-32,-57,-25,50,-5,-12,-19,-18
40,22,127,6,8,8,15,22
-2,-37,-50,-91,-6,-1,1,-3
4,-30,-128,24,14,13,7,3
7,-5,-4,31,3,3,-1,3
-13,35,19,-74,-19,-15,-11,-8
8,34,2,37,10,3,4,4
25,57,35,-4,2,-2,7,13
-12,-28,47,-44,-17,-9,-7,-9
15,27,36,91,21,10,7,7
-7,13,78,-72,-19,-11,-10,-9
14,86,107,52,9,5,7,6
-26,-9,-60,42,-6,-7,-10,-9
-4,-6,72,46,-2,-2,-1,-2
-11,17,-70,27,-1,-7,-11,-9
-7,-11,36,-84,-7,1,-3,-5
0,14,79,74,-13,-12,-8,-3
-27,-41,-107,-90,-29,-16,-12,-18
6,-9,65,127,19,10,7,6
17,40,7,30,28,11,7,7
-15,-15,-128,-112,-25,-19,-15,-15
-10,-8,37,-59,-23,-9,-8,-8
4,-7,-39,33,4,5,6,1
-5,-16,5,104,5,-3,-4,-1
14,38,66,54,14,12,11,10
-10,-31,-125,-48,1,-2,-6,-3
-7,-29,-55,-42,-31,-11,-6,-4
-15,7,-43,-45,-11,-14,-15,-12
8,-10,40,58,20,4,3,4
3,4,19,34,12,11,4,1
7,23,-3,-66,-19,-10,-2,3
-16,-17,-52,32,-5,-6,-4,-7
10,-2,13,40,8,15,9,8
7,41,10,7,18,0,-2,-1
4,51,111,89,8,1,0,2
-6,-20,103,-41,-9,-5,-4,-4
-21,-50,-37,30,-14,-17,-11,-14
10,16,-27,63,-3,3,0,4
-6,-26,43,-25,14,9,12,0
14,20,36,-25,2,6,5,5
2,-16,-19,-4,16,7,2,0
-3,18,25,-7,-4,-1,1,0
7,24,65,-20,15,7,0,3
-29,-63,-84,62,-24,-13,-9,-11
-18,-73,-101,-109,-25,-11,-9,-13
5,3,-28,20,-10,-4,1,2
-17,-21,35,-13,2,-5,-11,-14
12,19,11,23,4,9,8,6
19,58,67,26,7,2,3,9
-14,3,37,24,-15,-11,-6,-8
1,-2,-37,-3,-5,3,2,2
-1,-16,-123,-11,4,7,3,0
2,-3,86,56,12,2,1,2
-4,-11,59,-38,-21,-9,-6,-6
-4,23,34,-5,-5,-3,-3,-4
-1,4,96,52,13,-1,-2,-1
3,3,12,86,-4,-1,-1,-1
14,6,-49,-36,9,11,9,9
0,4,48,38,17,4,0,1
0,27,22,-3,-25,-16,-11,-6
7,29,127,-117,-17,-1,4,4
-13,-31,7,-59,3,2,-2,-6
9,3,26,45,-2,1,-1,3
8,-2,35,54,30,16,12,8
3,24,-72,-39,2,-1,0,3
-5,-23,93,4,-15,-9,-7,-5
6,58,-31,-27,-19,-13,-7,-2
4,22,6,-33,-1,4,0,-1
-3,-7,-31,18,2,9,4,1
-11,-23,-42,-15,-16,-12,-9,-8
3,-14,-69,8,5,7,5,2
0,-44,-75,-39,-5,-8,-3,-1
-5,8,20,85,8,1,1,0
-3,12,-30,-17,0,-2,-2,-3
-9,-27,41,33,-7,-8,-8,-7
1,-1,47,37,-5,-5,0,1
7,-7,67,-2,7,8,7,4
-9,-44,-36,-16,-4,1,-3,-3
-7,-11,-64,2,-1,-9,-6,-5
1,6,28,-58,-3,2,2,3
6,24,21,14,-1,-7,-4,4
5,21,60,72,21,13,11,6
-18,-43,-81,-78,-27,-18,-16,-13
-3,-3,10,20,1,0,-2,-7
-26,-4,-44,-24,2,1,-1,2
18,-13,-57,-5,-6,-9,-16,21
30,12,59,47,21,21,41,-2
-13,-19,-39,-34,-2,-2,-12,12
14,-9,-60,-35,-12,-4,9,2
-18,44,113,56,7,-17,-63,0
27,-35,-60,-16,-9,6,34,-10
-18,-18,43,-16,-1,8,-7,5
-47,-11,-34,-6,-4,-31,-75,-10
63,-11,-19,-13,-8,38,95,-1
48,15,22,25,17,-11,-76,-31
4,1,-29,-6,-9,-12,9,-28
-29,-3,16,-11,2,-5,-17,-1
-5,-3,-69,-25,-10,-25,-30,3
-76,-8,4,6,-5,-18,9,1
100,8,5,-4,16,54,107,26
21,-15,-14,-11,2,-1,5,2
-29,-2,24,-23,-4,-4,-11,14
-15,16,45,52,10,-9,-8,-11
-29,-12,9,16,-9,13,-4,-24
-31,-3,-7,-9,-7,-18,-29,2
25,0,-10,-2,2,19,68,5
-59,-32,34,58,10,12,-39,-12
0,6,-71,-88,-26,-26,-67,25
26,6,-14,5,7,29,43,17
-45,2,-77,-12,5,-1,-19,-34
22,-13,33,4,-17,-22,44,8
10,7,22,9,7,-20,-55,-3
-24,14,-16,-10,-3,26,108,-2
-37,-24,-16,-28,-8,-20,-46,-31
23,-37,-11,-22,2,-2,9,104
-87,-14,-3,2,-1,7,-7,-8
50,65,19,1,8,-8,-16,-50
-49,38,29,19,3,7,17,43
0,-68,-30,-21,-14,-10,-21,9
-47,6,3,7,0,-17,17,-35
36,-7,12,7,-2,23,37,63
57,40,4,-1,1,5,14,-16
-39,-24,-26,-5,5,15,-6,-32
42,3,4,5,1,-17,-34,-10
-4,7,49,-21,-11,-15,-33,-38
16,-3,-22,-1,-8,-5,13,-4
37,33,-10,-5,16,9,-2,9
1,-9,-4,14,-5,-12,-10,-2
-10,3,18,1,1,7,11,50
-47,-45,5,0,-3,-4,-15,0
2,29,6,-1,-7,-1,-9,-6
1,0,-4,-4,2,5,13,1
-19,-20,-15,-1,4,-2,-9,0
12,-14,-4,-8,-5,-7,-18,-4
25,33,7,-1,-2,5,3,-17
11,14,13,-17,-13,7,34,20
6,-15,-12,22,26,-7,-23,-13
4,-15,-17,8,-10,-15,-18,-19
-64,6,-2,-29,-10,6,14,0
5,0,18,12,7,5,4,0
5,3,-26,-4,-11,-5,-20,-2
-9,-8,37,9,2,1,1,-5
-4,-7,-39,-21,-13,-4,-3,1
-16,-1,0,-9,-8,-5,-14,-8
-50,-16,-16,-10,-6,-9,-1,-3
22,-14,10,-2,-3,-2,4,15
-10,13,-2,3,0,3,-4,-8
-28,-4,1,4,4,-1,-4,10
16,-3,4,-3,-7,-8,-21,-21
9,7,-1,-10,4,6,14,13
19,5,8,5,4,5,10,7
-2,4,-10,12,6,5,3,-5
47,7,1,-9,-9,-1,-7,-18
-73,-20,-8,-7,3,-2,-1,1
35,-8,1,4,5,8,0,27
-11,19,0,-2,-6,-8,-13,-68
30,-7,4,3,0,3,14,17
12,4,3,-1,0,-1,15,33
16,-17,0,9,-10,-2,25,65
16,3,-18,-21,11,-6,-78,-64
-13,-6,5,4,-8,-3,-11,31
13,6,-5,0,12,-4,-7,32
-20,31,9,6,1,8,17,45
9,4,6,4,-10,13,65,127
18,-6,-2,-20,-3,-7,-33,-100
72,5,-3,18,9,9,25,40
-9,17,7,6,-4,-19,-105,-128
17,5,19,6,0,0,13,110
-57,-25,-22,-5,4,19,98,98
54,-51,-10,-12,-21,-13,-91,-73
-9,-28,9,2,10,-3,15,96
-33,6,-17,1,-11,8,27,27
-33,-3,-8,-3,4,-22,-33,-49
-13,126,21,0,-6,-3,22,52
80,-97,-13,-9,-4,12,89,96
-47,4,-6,-4,4,-19,-73,-108
-48,-104,-11,-4,-15,-19,-60,97
-37,90,2,-3,2,4,9,-21
-58,89,35,13,12,8,24,25
58,-36,-8,-4,-4,11,36,101
-54,-10,8,-9,-36,-26,-78,-128
39,37,1,21,50,-29,-20,70
-44,-27,13,10,-3,-4,-95,108
-55,42,-12,-12,-15,-29,23,35
-53,-39,0,-7,-12,23,95,58
47,31,33,7,-8,-6,-59,113
45,-41,-23,-4,2,13,49,46
-127,102,23,8,11,18,11,26
127,103,-31,-21,-3,19,76,127
-117,22,20,23,19,10,-47,-60
-71,-50,-56,-26,-14,-52,-47,33
0,64,26,4,-5,-5,7,121
57,127,33,-5,1,25,102,127
-107,-104,-41,-16,-3,20,7,-125
-46,62,-15,-28,-17,-9,-39,16
-74,12,-18,10,14,29,89,125
28,-61,-21,13,1,-27,-11,-103
-50,-32,-19,-22,-21,-15,26,127
-102,88,15,-7,-6,1,14,15
102,-53,-2,-4,-11,-14,-3,-31
-44,-17,10,-8,1,5,-36,55
2,20,-27,-4,-14,0,17,-68
-59,86,0,11,0,-8,-51,-48
111,60,7,-8,3,12,38,24
72,-8,16,17,12,0,-33,-56
79,-116,-27,-22,-22,-16,21,102
48,-6,15,12,9,-14,-29,-43
35,-22,32,14,1,-22,-90,42
-40,-88,-52,-16,-4,-13,12,-101
-92,50,4,-1,0,58,47,127
0,82,19,9,21,38,109,97
-45,-128,-27,-2,-19,-44,-76,-125
-23,73,47,19,8,-16,-7,127
-29,-61,-27,-20,-16,-5,29,27
-40,81,33,9,-4,2,31,30
-73,-1,-17,-10,3,11,9,-22
-86,67,4,8,12,23,16,22
69,-42,15,15,4,1,-9,-26
108,-28,-16,-11,20,-18,-43,-91
-84,-73,-5,2,-2,-9,-3,56
29,4,-17,-10,-10,-1,-20,18
-114,68,24,7,-6,1,-10,-2
6,33,-24,-5,-12,-2,25,-113
53,7,4,-3,5,5,-15,-16
-58,-45,0,3,-1,-13,-30,79
23,0,1,-10,-6,-7,-2,-69
7,15,6,5,6,10,2,20
-77,-36,-16,7,9,9,16,1
2,127,17,6,2,7,75,-29
83,46,-20,-8,-24,-52,-100,-69
-16,47,-5,-6,0,-4,5,47
40,71,1,-3,-4,-7,-8,38
-6,41,-3,5,12,12,-9,0
13,11,17,0,9,18,37,0
43,-71,5,-1,-17,-4,-13,-39
13,-36,-19,-9,-9,-10,0,-6
-11,-15,15,8,15,3,-26,-45
0,79,3,4,9,14,31,6
-13,-128,-13,0,-9,-1,-19,35
-6,23,14,1,6,7,4,-10
12,-10,-10,-7,-12,-10,-27,-10
-13,8,-2,-1,7,5,9,72
-50,-5,-20,-4,-5,-13,37,-61
24,-26,-2,-3,-3,5,-33,-40
-51,-24,-8,-5,-3,-5,-34,17
-21,-19,-5,-6,-2,-7,10,69
30,64,14,8,7,19,28,-20
82,-32,-6,0,-2,-1,-6,11
43,25,1,1,2,3,-19,-61
-59,-39,-1,-3,3,-3,30,-8
41,-2,-6,-12,-10,-7,11,-23
-18,21,14,6,7,10,5,34
15,-6,-5,-2,-2,-4,-23,85
61,65,1,-5,-9,-4,10,68
-38,31,8,18,19,14,26,127
-50,-68,-23,-4,-10,-31,-92,-128
-93,46,-5,-3,-4,-21,-35,20
40,82,26,3,3,9,59,53
41,-120,-18,-10,-10,-7,-21,16
49,97,2,1,3,11,48,31
1,-3,-5,-1,-1,4,-7,-18
-62,2,-10,2,0,-6,6,-53
-14,-6,-4,-1,0,8,-14,-25
-5,-20,1,-1,3,4,9,-36
-3,-39,-7,-6,-6,-7,10,2
13,-4,-3,-4,-3,-4,-13,-65
-31,-53,4,-1,-2,-9,-49,-75
-40,-11,-6,-5,-3,-6,3,33
11,-8,-9,2,4,6,10,5
11,-46,-1,-5,-3,-1,0,10
-5,2,8,-6,-9,-5,-11,-9
2,28,8,0,-1,0,13,-4
14,0,4,-1,0,7,15,5
11,-36,-8,1,12,7,-27,-41
-11,20,-5,-2,-6,-1,-3,3
3,31,2,-4,-3,1,15,36
13,-4,11,-1,-1,-3,7,-6
-13,-33,-22,-4,-11,-6,-19,-16
0,25,0,-1,-1,1,-3,0
7,6,3,1,5,4,20,17
-1,-22,-4,0,-4,-4,-4,-13
1,-5,6,-1,8,2,-10,-17
3,22,18,-12,-7,2,3,16
3,2,-24,42,-12,-7,-2,-10
-6,-13,24,-62,-29,-8,-3,-8
3,-3,-13,40,56,6,-6,-5
5,14,25,9,5,4,5,7
-7,-8,-28,0,5,3,4,-4
4,1,-6,5,-15,-5,-3,-7
3,-9,16,-25,-26,-11,-8,-2
-3,1,-20,8,-6,0,-7,0
-2,3,5,-15,-2,-2,4,-5
0,0,-8,-1,19,11,7,3
-1,-7,-1,-1,-11,-6,-12,-10
0,8,4,11,5,-4,1,3
1,9,13,-13,-9,2,3,-4
2,-7,-15,6,4,-1,2,-2
1,-1,9,1,-9,-2,-2,-13
-3,0,-15,-11,-8,-8,-6,-1
0,0,8,-6,5,-3,1,4
3,1,13,7,8,8,4,8
2,-3,0,-5,-8,-4,-9,-13
2,3,-9,-3,-3,-3,-2,5
-1,-1,-8,-15,0,0,1,-2
-1,-1,-6,15,-7,-4,-3,3
-8,17,-2,-5,9,10,41,113
37,-33,-13,-6,-1,-14,-27,-102
-13,13,13,4,1,-9,-15,-26
-7,0,-5,-1,-8,-7,-5,8
-26,22,-6,-7,-14,-17,-14,71
59,22,3,-3,7,31,107,127
-78,-26,-7,-2,-1,-22,-92,-81
-27,-70,-10,2,1,-9,-8,-60
16,-18,-4,-4,-1,1,-4,-2
-62,59,12,3,3,6,3,37
44,3,-1,-6,-6,5,25,28
45,60,4,0,4,9,31,86
-25,-22,-17,-5,-12,-14,-32,40
3,53,2,2,2,-1,-47,-74
5,-23,4,4,4,5,30,36
10,8,-8,-4,-3,-4,-9,-9
6,-14,4,-3,-12,19,72,76
55,-32,-13,-6,7,-23,6,-26
-22,-2,19,6,-3,-7,-15,88
-35,-7,7,3,5,2,6,10
-9,7,3,2,-3,-6,-52,-105
-10,-9,-16,-10,-8,11,66,124
90,80,3,1,15,43,76,-89
-76,-93,-14,-1,-6,-46,-102,-128
9,-38,-10,-10,-10,-13,-16,66
-30,24,-3,-1,-2,-6,-46,-6
-22,-9,-10,-12,-9,-3,21,-38
8,58,12,9,7,24,33,109
98,88,23,7,11,15,25,-110
-94,-125,-13,-5,-16,-35,-83,-57
-86,63,-6,-5,0,-4,11,67
-19,-58,4,8,10,20,4,49
-20,19,8,5,-1,1,-7,-36
10,8,3,0,12,8,11,-18
-36,21,-6,-1,-5,2,48,83
-15,119,15,4,7,2,-36,-30
-97,-100,-42,-15,-10,-14,-57,-10
-52,101,-4,-3,-12,-17,-28,7
65,58,-24,-13,-9,1,62,79
78,127,15,8,17,29,-7,44
-74,-70,19,10,-1,-34,-44,-17
87,-104,-10,-10,-12,2,-12,-1
-59,-78,-20,-6,-2,-1,-44,-63
1,82,17,1,-5,-8,42,127
-18,70,-21,-23,-13,15,44,-96
40,-128,-40,-20,-18,-54,44,-72
79,120,55,19,-8,-7,-12,99
3,-17,-31,-8,12,-2,97,67
1,-22,2,1,1,3,-18,19
1,127,5,-6,-2,32,69,127
33,11,-13,-7,-7,-7,-19,2
-54,-128,-35,-22,-21,-31,-107,-128
-13,16,17,7,5,-3,4,32
-21,26,20,9,7,14,-1,-34
21,-3,3,-2,0,-15,-34,-57
65,-7,2,6,-3,8,-28,38
43,-10,-3,-1,5,8,55,-32
-31,1,10,9,5,1,-33,-27
-8,-60,-9,-5,1,3,7,-6
0,8,-5,-5,-8,-1,35,-23
-1,4,2,4,6,8,8,9
-9,-1,3,1,1,-1,-22,-4
1,-11,7,-3,-8,-4,0,11
12,-16,-2,-17,-4,-1,20,-14
14,18,1,11,16,3,-11,1
-6,5,1,2,15,10,6,18
-1,-31,4,-5,-3,-1,-4,-8
-14,-5,4,29,-36,-7,3,-18
19,15,-12,-18,6,0,2,24
3,21,6,37,20,15,8,6
-18,-21,1,-4,8,1,-6,-10
-2,-5,1,-24,-16,-9,-2,-9
17,20,1,36,-15,-6,1,19
3,0,0,-12,-16,-1,1,1
-10,-13,-5,-4,14,-3,-11,-13
-3,-2,2,6,8,8,12,2
10,5,-2,-12,0,1,5,6
-6,5,1,-8,-3,-1,-5,-3
-7,-11,-3,5,-1,-2,-3,0
6,7,-4,-6,9,2,8,-5
-8,2,4,-5,2,3,-3,-3
-6,-2,10,-1,-8,-5,-8,4
0,0,12,0,-3,1,-8,7
-46,-8,6,-1,6,-3,0,-90
10,4,5,-1,-2,-2,-6,9
1,-6,0,-2,-2,1,4,7
-6,-5,-11,-4,-6,-2,-6,-9
3,-4,-9,1,4,0,4,17
-1,14,-2,0,-5,-6,8,15
10,23,-5,-5,4,-1,-4,1
6,-43,-8,1,4,1,4,3
4,-17,-8,3,8,5,-2,18
-8,-2,-12,-7,-12,-10,-11,29
-39,23,-4,-5,-4,6,6,67
-60,-7,8,0,-2,-9,-15,-95
73,-38,-3,5,2,0,-23,123
38,7,-2,-8,0,5,16,68
79,19,-3,2,-1,-9,-32,20
3,28,1,4,1,-1,-19,-22
-82,4,3,-4,1,-1,-1,14
-36,41,2,0,7,16,27,-67
-58,-8,8,-1,-4,-1,28,81
43,-12,-5,0,4,-5,-15,120
-11,-13,-4,-1,-7,-26,-41,2
80,-108,-13,-8,-12,-10,-16,77
-20,81,15,-2,4,6,12,1
46,89,20,15,15,40,100,99
33,-38,-5,-4,-1,-14,-70,-79
27,21,-16,-11,-8,-15,-6,108
-33,23,-6,-10,-12,-12,-28,-115
43,-18,2,2,1,-9,-20,27
127,-11,0,-1,3,19,94,111
-37,120,32,16,21,41,68,-27
-13,-97,-39,-11,-12,-41,-53,-107
-52,-6,8,-5,-22,-48,-40,44
-83,65,-6,-12,-9,1,74,121
-76,51,-20,-20,-8,31,78,46
123,-22,7,-2,-5,-37,-45,-9
-23,-28,9,13,0,2,-32,-128
-81,76,1,3,10,-22,-62,9
-57,-54,-2,-1,-2,10,37,79
-51,119,4,5,6,33,58,90
20,-16,-19,-13,-2,14,-49,-87
-20,-80,-10,-6,-11,-27,-64,-103
17,30,3,7,3,-21,-56,-23
-42,-22,9,5,3,9,7,70
38,-122,2,1,4,9,47,127
-13,61,-45,-27,-20,-1,-1,-32
8,85,14,6,0,-41,-90,-128
38,43,13,8,-1,-5,-53,-88
-31,-18,-17,-12,-7,5,48,85
-40,-12,10,11,5,9,14,-11
15,1,-10,-12,-8,-11,-19,-47
22,50,16,-6,-3,6,22,35
-7,23,-6,14,14,11,10,-63
37,-33,4,3,10,11,23,-17
-10,-69,-5,0,-7,-15,-34,-14
2,-49,-8,-1,2,13,35,19
11,22,-7,-9,-13,-10,-19,-2
10,-21,3,-1,-9,-5,4,-26
11,2,8,6,4,-1,4,28
-2,-41,-9,-1,7,11,8,2
-4,2,-4,-14,-21,-17,-9,-24
24,39,4,10,14,13,7,11
16,-25,0,-13,2,2,-2,-17
-3,-40,-3,4,-1,-6,5,4
-15,26,5,-48,-30,-8,-11,3
15,12,-9,43,46,19,20,13
16,-17,1,-10,-7,-7,-12,6
-11,-30,-20,-10,-12,-6,0,-5
-2,38,2,-4,6,0,17,57
0,0,17,-15,-28,-9,-25,-98
3,-26,-1,8,3,-4,-15,36
2,2,-2,3,-1,4,7,40
-4,11,-12,-3,-4,-5,-3,-11
10,1,3,-3,-3,3,22,52
-32,-12,-4,8,8,3,-5,-86
1,-9,4,-1,-17,-3,-2,-8
4,9,-5,13,25,8,5,4
6,3,3,-1,-4,1,4,16
7,6,4,-6,-10,-2,3,10
-5,-4,-2,4,8,9,12,23
2,21,-4,8,5,0,-10,-65
-2,-22,1,-10,-5,-5,4,-21
-3,-25,1,1,-10,-5,-18,3
26,-25,-4,-4,5,2,10,2
-4,28,-6,12,10,3,17,98
10,51,13,-3,-5,5,-2,-80
94,-7,-12,-1,-1,-1,-2,81
-19,-66,0,-2,2,-12,-5,-97
39,10,10,1,-5,-6,-29,33
-37,4,-2,-4,-12,-8,23,92
-78,93,2,3,10,26,88,-76
-38,-74,-23,-9,-9,-35,-86,-72
-66,77,33,13,2,7,31,53
89,-128,-48,-19,-13,-26,-52,-8
-79,24,-5,-8,-7,-4,-38,59
22,114,25,9,12,18,40,127
-77,-128,-22,-7,-6,2,-30,-64
-25,85,29,14,4,-5,-21,94
-47,-36,4,5,1,-10,-21,-42
-103,-82,-26,-5,2,8,-38,-91
116,12,-4,4,7,11,25,19
-5,34,-3,-5,0,4,6,-96
-62,67,32,18,16,34,22,101
57,-43,-3,9,10,-9,-39,-55
117,-22,-22,-7,-13,-43,-98,-62
-2,40,-16,-15,-9,0,-9,-11
64,122,12,-1,-1,-6,5,-46
69,126,5,2,3,26,120,79
-52,37,5,2,1,14,-33,14
81,-4,9,6,3,-5,-1,33
19,-85,2,0,1,-7,11,95
60,-49,7,-4,3,12,36,-53
-6,-72,-18,-12,-12,-10,-10,-55
45,89,1,-1,-4,-3,25,9
24,-116,-23,-4,-1,-4,-33,-42
-68,89,9,1,-7,-8,-1,71
-46,38,-6,1,2,-7,30,51
54,-48,8,0,-2,2,14,78
-4,-45,-5,-6,-5,-3,-2,0
-43,60,1,3,-4,-8,-15,22
-66,16,-9,-7,-9,-1,14,-65
-3,35,15,7,9,14,22,53
90,-12,-3,0,-5,-19,-20,-98
