channel 1,channel 2,channel 3,channel 4,channel 5,channel 6,channel 7,channel 8,Class
32,30,28,69,63,48,50,33,
34,30,29,103,73,83,76,43,
35,30,29,120,92,95,78,49,
37,31,30,116,87,96,80,50,
35,31,29,122,91,100,86,53,
46,35,30,138,154,157,131,82,
51,37,32,133,163,153,135,90,
54,38,33,182,166,156,143,99,
63,43,33,213,193,191,151,119,
85,48,47,328,305,274,352,227,
160,63,62,372,396,295,371,209,
256,71,78,415,488,328,385,266,
321,88,110,453,646,403,403,420,
365,96,113,465,663,481,377,435,
370,98,116,470,753,498,341,442,
405,90,113,485,731,497,340,452,
408,91,114,474,813,515,329,485,
378,78,99,575,747,491,470,365,
350,82,94,677,729,573,608,361,
362,98,104,844,695,677,651,357,
311,119,110,918,767,724,729,335,
248,124,111,919,631,776,867,300,
270,158,121,904,650,885,955,417,
298,169,130,934,698,897,947,516,
336,180,136,859,701,865,980,625,
382,210,143,903,792,958,1058,812,
412,240,160,1020,991,1081,1119,967,
420,239,161,1104,1031,1033,1163,983,
450,256,185,1112,1037,1066,1175,999,
426,251,183,1094,1036,1095,1152,1005,
449,243,182,1118,931,1072,1123,930,
496,242,173,1074,866,1000,1080,980,
461,238,202,1195,838,1133,1126,1037,
446,240,216,1189,907,1157,1122,1100,
394,241,225,1233,786,1205,1175,1011,
405,254,235,1206,762,1201,1119,1015,
397,233,210,1060,757,1152,1207,1008,
429,240,198,975,791,1189,1140,945,
404,226,199,988,838,1213,1112,945,
442,230,225,1040,929,1178,1032,908,
450,229,219,1222,970,1202,995,879,
524,268,233,1275,798,1122,1209,1077,
525,268,221,1289,793,1100,1136,1154,
561,290,236,1299,752,1053,1143,1068,
541,284,247,1319,800,938,1166,1037,
495,269,227,1296,760,920,1154,952,
415,233,203,1326,771,880,1197,941,
428,218,206,1288,761,912,1195,908,
375,191,184,1246,766,959,1208,966,
360,192,176,1150,676,1036,1129,972,
437,227,194,1103,700,1047,1134,967,
502,235,182,1032,758,1070,1140,1093,
495,253,216,1127,765,1128,1125,1089,
501,253,220,1217,871,1069,1118,1051,
536,268,231,1201,891,1032,1108,985,
534,266,223,1177,837,1091,1149,1056,
491,243,183,1055,724,1121,1046,939,
437,216,186,1198,870,1167,974,862,
446,221,203,1179,897,1111,929,869,
403,201,193,1337,943,1166,926,737,
411,216,191,1433,878,1163,1003,694,
397,196,196,1458,857,1120,975,758,
442,229,208,1432,790,1128,1065,814,
440,217,193,1429,738,1146,1153,928,
455,221,178,1281,610,1154,1225,967,
421,205,183,1103,600,1106,1149,1052,
391,202,172,1032,719,1134,1170,1026,
362,175,146,999,692,1017,1158,1042,
359,180,161,978,717,1049,1092,948,
396,185,161,1014,771,1095,1055,1000,
413,197,161,1038,770,1103,1064,951,
477,220,174,1201,717,1090,1048,994,
455,208,179,1159,718,1130,1020,950,
443,205,162,1150,736,1138,1019,941,
412,205,175,1113,781,1046,957,900,
428,203,168,1219,857,1096,1040,865,
360,183,154,1165,901,1077,1129,774,
343,183,145,1185,923,1068,1133,715,
365,193,142,1172,1024,985,1106,748,
329,186,136,1240,993,1050,1151,732,
311,191,138,1172,922,1007,1103,840,
395,226,184,1212,919,1094,1112,877,
388,217,181,1280,954,1133,1098,911,
445,236,193,1289,830,1188,1180,957,
589,299,233,1242,757,1153,1293,1089,
658,354,282,1271,817,1035,1301,1167,
598,334,266,1228,849,1029,1226,1138,
553,297,250,1189,867,1051,1131,1040,
387,200,194,1098,792,1135,1083,968,
436,212,206,1079,886,1155,1093,879,
405,208,212,1161,870,1159,1146,780,
467,221,230,1147,975,1154,1160,831,
494,229,239,1135,915,1162,1157,824,
551,276,259,1128,996,1155,1210,954,
534,263,243,1075,917,1123,1202,1013,
566,273,264,1065,880,1144,1159,1021,
550,280,289,1207,817,1104,1178,1027,
513,272,269,1256,751,1017,1127,1000,
620,300,263,1259,565,1055,1116,892,
640,309,265,1306,602,1036,1071,946,
674,300,238,1224,738,1032,1109,984,
562,249,216,1154,794,932,1026,1086,
512,240,229,1151,854,943,1029,1113,
547,271,225,1124,852,1025,1142,1181,
578,300,228,1018,867,1046,1091,1124,
554,302,247,1055,902,1011,1196,1151,
547,287,243,1017,894,972,1189,1092,
605,296,241,1019,869,1056,1249,1068,
562,274,225,1001,842,1049,1296,1072,
539,259,214,1027,801,1082,1359,1084,
547,257,208,1204,747,1162,1285,1028,
550,273,206,1168,701,1246,1301,1040,
474,251,190,1145,696,1198,1240,969,
439,231,223,1240,628,1108,1176,911,
454,207,220,1340,706,1125,1121,878,
467,217,222,1151,755,1079,1245,881,
428,189,218,1171,829,1026,1239,850,
488,212,240,1235,867,1048,1238,921,
531,237,262,1291,941,1088,1143,903,
542,248,264,1233,933,1008,1097,897,
551,247,249,1236,874,1152,920,921,
507,227,179,1147,855,1158,930,909,
510,240,191,1233,945,1235,970,882,
518,235,181,1201,851,1112,938,853,
484,233,179,1372,856,1160,987,908,
433,231,192,1325,841,1097,985,808,
475,257,232,1317,748,1121,1025,798,
503,274,226,1289,572,1144,1108,838,
472,271,234,1296,571,1049,1086,819,
481,264,222,1140,543,956,977,737,
476,261,237,1245,654,1050,1033,695,
462,260,237,1318,697,986,1085,713,
494,261,251,1235,761,974,1045,788,
538,285,250,1233,779,1028,1228,879,
579,309,275,1309,819,1171,1293,945,
599,322,310,1218,812,1067,1259,985,
610,317,298,1078,799,1118,1277,997,
578,313,293,1113,822,1142,1304,979,
604,321,305,1212,880,1203,1200,988,
597,318,302,1368,954,1134,1205,1057,
584,305,237,1402,881,1200,1251,1148,
582,295,222,1411,845,1153,1122,1183,
530,264,211,1444,821,1060,934,1166,
549,250,237,1387,779,973,841,1152,
523,232,218,1162,643,897,799,1045,
512,224,224,1079,620,847,695,903,
481,210,222,1102,637,916,719,875,
457,200,203,991,546,840,764,794,
318,153,133,923,507,764,736,636,
277,128,129,1012,521,733,624,591,
250,113,111,1052,512,620,572,546,
164,86,97,952,460,343,485,350,
139,69,87,884,437,255,354,272,
122,63,80,831,348,175,271,241,
117,60,62,595,286,152,250,221,
102,48,41,396,228,125,206,158,
94,50,41,255,231,105,213,197,
78,47,40,212,295,87,256,221,
80,49,52,221,464,99,282,248,
98,71,82,296,726,164,337,376,
208,110,111,352,779,178,411,427,
265,131,123,446,886,198,432,426,
283,146,133,468,934,212,437,419,
292,157,135,476,961,222,454,420,
288,158,127,461,860,194,474,361,
227,135,104,413,822,180,418,303,
158,113,90,305,707,152,362,272,
123,94,73,263,608,127,313,255,
92,70,59,216,433,85,256,222,
85,40,39,104,242,41,110,114,
59,35,34,80,202,31,80,87,
36,25,29,48,110,26,52,59,
31,25,26,43,87,26,38,44,
23,24,22,27,37,23,25,27,
23,24,24,26,32,24,24,25,
24,26,25,24,31,25,23,27,
23,27,23,23,29,25,25,25,
23,26,23,22,27,23,23,25,
24,23,23,22,23,22,23,24,
24,25,27,25,23,21,22,24,
24,24,25,25,24,22,24,24,
21,25,25,25,23,22,27,23,
24,26,26,25,23,23,27,21,
23,26,27,25,25,22,28,21,
24,24,25,23,25,22,27,21,
24,24,27,22,25,22,26,24,
23,23,25,22,25,21,24,23,
23,24,26,22,23,22,25,22,
22,25,26,22,21,21,24,21,
24,25,24,23,21,21,24,20,
26,23,25,25,22,21,25,21,
24,23,26,22,24,24,25,23,
25,24,25,23,24,23,24,22,
26,25,25,24,24,24,26,22,
24,27,25,24,27,25,24,21,
23,28,25,24,27,25,25,22,
23,27,25,21,25,22,24,22,
25,27,25,23,25,22,23,20,
25,28,25,23,27,22,23,19,
24,26,26,24,26,21,23,19,
24,26,27,26,27,22,24,20,
26,27,26,26,29,25,25,21,
24,27,27,27,27,27,24,22,
24,25,26,27,25,25,25,24,
25,26,27,26,26,26,25,25,
24,27,25,25,26,27,23,25,
23,24,27,24,23,25,21,23,
23,28,26,23,24,23,23,23,
24,27,26,24,26,24,20,21,
25,25,26,25,26,23,20,21,
25,22,27,25,26,22,19,18,
24,24,26,25,26,22,20,19,
21,24,25,23,26,23,21,18,
24,21,24,22,45,45,26,23,
23,23,24,25,56,52,29,23,
23,25,28,27,58,53,29,24,
25,29,26,29,106,75,33,28,
26,28,26,29,109,76,35,27,
26,28,27,29,116,80,37,27,
34,30,27,149,121,114,49,44,
35,30,28,166,110,114,54,49,
34,30,25,167,108,113,53,51,
35,29,25,168,107,114,55,51,
37,30,24,170,120,118,58,55,
30,30,25,91,129,97,93,67,
31,28,29,57,156,100,109,84,
34,30,33,55,162,156,111,87,
35,31,35,138,201,181,122,90,
39,30,38,358,280,225,135,109,
74,48,46,406,368,274,182,185,
127,83,64,438,432,388,327,269,
136,90,66,455,434,414,377,293,
128,89,69,465,389,420,442,266,
130,87,76,599,374,445,467,267,
136,92,88,582,340,443,552,292,
102,71,91,601,387,398,538,310,
95,73,99,676,459,387,532,297,
107,78,101,758,511,377,594,314,
108,85,97,695,512,345,615,321,
108,79,91,761,525,386,702,339,
136,108,117,976,583,544,736,348,
194,117,121,1040,693,599,743,371,
206,125,128,1102,763,679,792,406,
377,184,163,1237,824,825,889,543,
399,198,170,1280,838,878,912,633,
475,239,183,1217,700,900,1056,759,
570,283,284,1286,771,922,1079,802,
531,263,273,1338,758,952,1070,835,
560,263,304,1482,805,958,1037,884,
555,240,303,1452,833,984,1097,896,
586,261,343,1367,863,1044,1159,980,
582,247,314,1410,742,1079,1176,1038,
591,261,349,1317,771,981,1131,1069,
616,297,343,1149,845,956,1176,1107,
667,324,363,1352,867,1024,1150,1102,
693,320,384,1387,938,1064,1083,1073,
729,333,353,1358,865,1175,1029,1091,
675,314,277,1358,809,1111,1010,1057,
649,313,287,1307,848,1041,964,1155,
563,276,301,1358,827,931,895,1178,
533,264,271,1224,798,964,950,1179,
579,251,270,1144,762,887,1051,1107,
559,247,260,1154,710,861,1099,1005,
577,258,248,1231,837,978,1202,904,
576,251,237,1182,818,1048,1168,950,
554,249,279,1195,882,1104,1161,1052,
503,258,290,1331,910,1132,1248,1022,
521,253,269,1252,741,1231,1191,1119,
484,246,310,1422,844,1190,1193,1038,
488,241,297,1431,872,1177,1250,921,
549,240,286,1397,939,1221,1216,941,
572,248,284,1303,921,1134,1159,909,
603,276,294,1395,983,1077,1164,976,
659,286,273,1270,911,1060,1172,1030,
640,286,293,1304,870,988,1054,1025,
607,289,304,1311,794,939,1064,1069,
599,309,309,1325,813,994,1189,1092,
559,275,353,1425,887,1022,1139,1056,
500,267,346,1494,889,1036,1127,1035,
549,281,307,1472,844,1052,1201,1072,
582,293,316,1403,764,1089,1224,1069,
566,267,311,1394,700,1139,1100,1041,
590,298,302,1277,658,1165,1176,935,
571,285,310,1241,683,1142,1179,935,
536,275,354,1253,752,1179,1168,976,
528,272,376,1264,860,1212,1127,960,
512,270,369,1307,877,1149,1135,1007,
508,251,333,1227,800,1098,1087,1030,
512,277,327,1371,738,1172,1108,900,
428,237,290,1373,671,1072,990,874,
476,214,323,1441,785,1013,1068,952,
527,235,309,1394,818,1119,1125,957,
528,239,317,1316,818,1119,1095,990,
516,236,317,1265,784,1158,1082,989,
561,233,320,1184,785,1078,946,1062,
628,378,371,1333,972,1025,1270,1005,
597,355,327,1266,896,932,1207,955,
602,358,319,1112,733,827,1222,991,
560,324,320,1290,787,893,1163,957,
581,318,312,1476,765,810,1073,939,
570,305,267,1414,644,832,1012,916,
547,273,287,1484,634,824,865,846,
545,257,318,1208,491,875,968,805,
541,257,330,1313,546,908,984,857,
512,239,321,1291,616,868,1007,824,
493,241,317,1324,619,902,1017,954,
469,240,318,1360,608,936,968,981,
394,200,289,1347,706,942,904,959,
469,242,276,1335,766,997,1074,959,
565,288,260,1310,755,1015,1083,1048,
579,284,253,1337,812,906,1017,998,
592,288,250,1417,769,921,1122,1036,
549,262,258,1352,690,945,1080,1014,
572,271,241,1323,640,899,1023,963,
745,352,274,1387,717,924,1097,1013,
748,352,279,1363,723,898,1077,1004,
756,364,266,1270,683,850,955,930,
763,367,266,1244,673,712,766,948,
671,321,267,1194,670,804,781,889,
474,245,243,1178,525,767,810,716,
449,227,233,1088,469,773,772,681,
470,228,218,1087,452,738,810,671,
536,259,324,1302,594,768,906,680,
635,347,371,1403,740,860,1026,840,
720,379,463,1385,864,944,933,931,
761,399,477,1467,890,942,923,1053,
787,401,485,1459,897,1036,1001,1116,
769,390,462,1366,947,1098,961,1112,
759,341,471,1450,965,978,831,1050,
695,296,386,1508,919,955,822,995,
692,287,387,1466,936,1024,939,965,
622,264,378,1440,922,896,783,866,
589,254,366,1410,830,798,748,844,
495,214,335,1303,707,799,747,834,
433,197,317,1140,664,677,708,751,
412,165,295,1056,584,476,503,606,
407,157,288,1013,576,445,470,573,
361,117,224,892,472,356,370,534,
376,124,154,653,344,241,222,422,
378,121,135,594,226,225,201,431,
321,123,123,553,239,217,193,423,
307,122,126,595,262,213,184,423,
312,92,165,770,393,155,250,269,
334,122,176,770,509,176,282,278,
365,129,169,719,593,172,293,409,
357,127,98,379,594,145,296,423,
368,156,128,402,744,191,345,441,
336,170,132,434,804,203,341,472,
316,161,130,478,941,211,327,546,
279,164,128,477,910,215,346,479,
286,162,129,467,890,215,343,461,
271,140,94,365,782,163,290,443,
177,119,81,295,698,145,211,359,
148,101,54,176,368,96,174,195,
118,78,49,142,279,73,99,118,
82,70,39,111,246,57,86,86,
65,53,33,87,159,46,60,65,
46,37,32,73,136,36,44,48,
38,31,30,66,142,34,41,42,
74,40,40,88,176,60,74,44,
91,52,52,97,280,89,133,54,
93,55,54,96,287,92,140,55,
71,48,49,74,255,79,129,47,
42,34,36,58,119,45,68,32,
37,27,32,52,95,37,54,26,
33,26,32,49,85,36,50,27,
27,27,31,47,77,30,42,24,
25,23,29,34,56,28,36,23,
22,22,26,26,41,23,29,22,
23,27,25,26,36,22,28,23,
23,27,25,25,32,21,24,23,
22,26,24,25,29,26,25,25,
22,30,27,23,24,26,26,26,
22,26,29,26,25,27,23,27,
21,26,30,25,26,28,22,27,
23,26,31,25,25,24,24,26,
23,26,30,26,24,24,22,24,
24,23,28,27,25,23,23,25,
25,24,26,25,26,21,26,23,
25,25,25,24,27,22,26,25,
24,25,24,24,26,24,25,26,
23,27,22,22,27,24,25,24,
25,28,25,25,24,26,26,23,
23,26,24,24,25,25,24,25,
25,25,25,24,23,26,23,22,
25,26,26,24,24,26,25,23,
25,25,27,24,22,27,24,23,
23,24,25,23,23,23,25,25,
23,24,25,23,22,25,26,25,
22,29,25,26,23,25,24,26,
23,28,23,25,24,23,23,25,
26,28,25,26,24,24,24,26,
26,29,25,28,25,26,27,25,
27,30,26,28,25,26,26,24,
28,27,26,24,23,25,27,23,
27,29,25,23,23,25,27,23,
26,27,24,22,24,25,24,22,
26,25,26,22,22,25,20,21,
27,24,26,22,21,24,22,22,
24,22,25,22,22,24,20,22,
23,20,26,22,20,24,21,22,
22,22,26,23,20,23,21,22,
22,22,24,21,23,22,23,22,
23,22,26,22,23,23,24,24,
24,23,26,22,23,23,25,26,
23,24,26,22,24,21,26,26,
23,25,27,21,25,23,24,26,
21,27,24,21,25,23,24,24,
23,25,26,25,24,22,23,21,
25,26,26,24,24,23,24,21,
24,24,28,25,25,24,23,20,
23,24,25,23,26,23,22,21,
22,24,25,22,25,24,22,21,
22,25,24,21,25,25,22,23,
22,23,23,20,24,22,20,24,
22,24,24,22,24,21,20,24,
23,25,24,24,23,23,19,24,
24,23,24,25,24,21,20,25,
24,24,25,26,23,22,21,23,
24,26,25,26,24,23,23,22,
25,26,23,26,24,22,25,23,
25,27,22,24,24,21,27,23,
26,27,24,23,25,25,28,23,
27,27,23,22,24,23,25,22,
27,25,24,25,24,23,23,24,
27,25,25,25,24,24,23,25,
26,23,27,25,23,23,21,26,
27,24,26,24,23,19,21,23,
25,23,28,24,22,20,24,23,
24,24,26,22,23,21,24,22,
23,26,27,21,28,22,26,22,
22,25,27,24,41,27,26,24,
24,25,25,25,47,44,27,26,
25,24,28,27,68,66,30,26,
23,28,26,28,84,82,30,26,
31,29,35,32,89,97,32,26,
36,34,35,30,86,97,31,26,
35,33,35,28,97,96,31,24,
37,35,37,26,88,93,31,23,
44,59,59,51,87,98,35,26,
39,61,60,52,89,121,35,29,
34,60,63,139,148,134,40,30,
35,62,64,182,153,150,46,40,
38,63,62,189,166,157,57,101,
40,42,59,189,191,155,74,185,
44,46,61,194,202,142,83,208,
51,56,67,161,175,141,92,219,
53,58,84,161,180,141,148,227,
62,69,91,183,205,168,172,231,
63,83,87,195,190,187,199,202,
70,82,87,249,204,186,214,184,
74,81,86,295,237,232,275,184,
84,82,78,385,250,329,305,191,
92,76,75,546,253,371,341,189,
95,81,70,556,289,389,355,169,
100,83,75,558,289,413,446,183,
117,82,82,654,329,434,461,195,
122,87,87,745,346,414,539,241,
132,96,88,752,374,421,671,327,
167,91,103,822,381,481,736,387,
192,100,104,920,518,502,788,457,
197,106,108,945,623,568,806,507,
253,132,138,930,638,602,831,538,
317,151,160,1000,649,644,769,613,
318,160,164,1083,746,728,783,640,
347,181,229,1185,789,756,812,716,
400,217,271,1364,835,815,888,892,
404,218,272,1375,905,875,917,935,
431,222,291,1348,997,820,1073,1035,
473,220,264,1318,1028,906,1154,1053,
608,256,274,1387,1093,994,1190,1140,
684,263,282,1359,1051,1070,1178,1212,
717,270,286,1403,1116,1082,1221,1315,
706,269,286,1404,1019,1096,1106,1289,
703,276,307,1378,952,1080,952,1372,
610,249,287,1205,869,979,1026,1361,
543,259,339,1131,675,946,1027,1140,
580,268,325,1255,648,988,1067,1173,
590,286,313,1265,597,1018,1125,1058,
576,280,351,1279,686,977,1033,1002,
530,246,304,1259,710,950,891,1016,
559,263,282,1266,766,859,843,1108,
520,250,277,1110,745,772,746,1052,
499,213,254,1062,723,717,687,1111,
510,238,205,1062,814,825,838,1183,
460,187,207,1124,783,881,890,1149,
497,209,222,1091,811,862,921,1212,
490,230,249,1237,867,911,902,1186,
474,239,258,1312,844,957,954,1131,
493,248,254,1255,776,869,989,1100,
498,271,257,1207,741,800,936,1076,
474,258,269,1297,773,866,921,1036,
440,240,260,1152,768,820,934,1000,
451,229,258,1091,825,898,810,969,
540,225,254,1058,675,936,792,1123,
553,221,282,1283,624,884,868,1141,
511,199,259,1253,488,811,798,1092,
374,181,306,1318,598,849,801,952,
488,231,299,1377,574,881,858,1071,
543,233,329,1418,642,887,892,1178,
684,287,308,1265,684,982,802,1295,
741,310,311,1286,736,935,941,1376,
748,305,268,1193,706,900,925,1384,
701,279,283,1208,767,925,936,1322,
649,273,240,1198,767,969,932,1197,
498,220,221,1098,760,930,968,1065,
491,200,210,1075,760,1051,941,1162,
518,216,211,1088,738,1118,987,1201,
486,195,203,956,708,1115,938,1168,
545,201,203,822,681,1109,1000,1207,
542,193,221,913,687,1121,1017,1202,
549,238,373,1088,775,1090,1140,1097,
568,248,371,1155,803,1057,1134,1139,
648,310,383,1191,845,1062,1237,1195,
605,308,373,1192,829,1052,1239,1095,
669,336,385,1194,829,1148,1332,1223,
628,324,276,1198,781,1108,1180,1202,
627,327,288,1173,825,1204,1206,1173,
612,329,279,1094,823,1293,1224,1199,
681,344,302,1114,864,1350,1211,1260,
663,337,303,1099,871,1288,1087,1238,
660,272,202,838,586,1176,1168,1276,
652,279,198,830,633,1156,1127,1230,
620,259,212,873,743,1090,1110,1194,
638,267,264,939,780,1239,1204,1191,
563,237,279,933,739,1134,1016,1073,
571,227,303,1045,797,1121,930,1094,
556,197,313,1183,858,1207,1073,1059,
560,202,304,1112,746,1122,1037,1165,
705,236,270,1195,763,1041,939,1190,
770,286,264,1205,761,1010,999,1249,
858,348,260,1200,753,1064,1114,1285,
957,399,305,1160,706,947,1139,1370,
1197,523,423,1301,731,1057,1198,1435,
1200,549,430,1233,662,993,1212,1392,
1300,578,435,1147,814,1065,1236,1541,
1291,559,442,1147,795,1111,1193,1564,
1243,531,485,1103,800,1206,1138,1530,
1135,446,407,985,866,1246,1194,1485,
1112,447,413,996,912,1247,1222,1445,
990,382,404,1016,790,1166,1148,1332,
969,394,440,945,749,1078,1192,1266,
1005,414,383,1062,729,1090,1151,1383,
945,426,474,1225,783,1021,1050,1425,
898,364,478,1280,797,1094,1023,1477,
929,430,483,1270,813,1142,1085,1454,
923,428,460,1276,815,1109,1025,1521,
899,452,513,1226,868,1022,1045,1501,
904,480,461,1113,868,1063,1115,1432,
937,465,511,1034,862,959,1033,1476,
959,458,505,1084,881,962,951,1473,
875,409,438,1039,830,967,929,1297,
859,345,435,1079,813,851,864,1289,
710,295,356,1075,732,830,859,1223,
825,356,351,1177,786,801,893,1231,
834,388,338,1211,875,950,1094,1258,
874,390,322,1218,890,942,1104,1320,
895,438,389,1193,887,992,1114,1373,
880,426,395,1178,947,1009,1119,1335,
500,189,195,632,594,348,388,531,
443,151,119,319,358,192,202,410,
395,120,106,209,248,139,159,371,
386,124,95,297,331,132,298,364,
309,118,85,298,443,126,302,352,
313,114,108,341,597,181,422,293,
474,177,197,507,698,274,465,386,
550,267,274,666,842,382,579,440,
233,177,206,601,622,316,253,211,
159,131,177,538,757,279,196,185,
142,127,165,489,733,272,175,169,
107,106,167,445,877,217,172,135,
115,115,180,457,812,231,185,133,
113,110,170,373,751,222,149,111,
129,106,167,362,719,223,147,108,
134,104,167,359,608,210,179,145,
124,89,131,317,504,190,162,124,
146,66,94,269,465,149,145,120,
150,66,94,265,470,145,145,120,
175,62,86,270,521,132,142,119,
165,71,100,269,523,209,165,103,
163,55,83,214,510,195,160,103,
135,55,83,207,548,199,159,98,
103,65,90,192,563,208,158,97,
98,58,69,173,488,139,82,55,
95,54,57,155,451,107,65,48,
98,60,67,161,399,112,66,53,
61,60,61,151,246,98,66,47,
55,53,58,134,241,91,55,43,
48,50,59,109,212,72,50,43,
45,51,61,103,210,72,50,42,
34,39,49,87,209,33,30,29,
32,39,55,111,197,28,30,29,
34,45,61,123,189,28,29,25,
37,45,62,133,158,27,28,24,
36,45,61,126,203,29,29,23,
35,45,60,128,192,30,29,24,
39,46,54,102,195,29,27,27,
37,45,49,87,198,29,26,27,
34,42,44,62,200,26,25,28,
31,40,45,67,116,26,24,27,
32,44,44,60,168,25,24,27,
30,40,46,64,173,26,25,24,
32,37,46,62,171,25,27,26,
31,39,47,63,174,27,25,25,
31,38,42,59,185,28,25,24,
30,31,40,60,145,28,24,23,
28,35,39,66,132,28,24,25,
29,33,41,80,129,29,21,25,
29,33,40,93,123,28,27,26,
33,40,49,96,75,24,27,26,
34,42,58,131,61,24,28,26,
34,43,62,134,60,23,27,24,
34,45,59,131,64,23,28,23,
35,45,61,123,64,23,24,23,
33,40,59,120,63,25,23,25,
36,43,53,83,57,24,22,25,
36,41,48,67,57,26,24,25,
36,46,48,55,49,26,23,25,
36,46,48,52,33,25,23,25,
33,48,42,46,35,24,24,23,
30,47,42,48,34,24,24,22,
34,53,62,69,39,24,22,24,
32,48,64,77,39,22,22,24,
35,48,63,84,37,25,24,25,
36,49,69,82,38,25,25,27,
32,42,52,66,31,25,28,26,
30,39,42,57,35,26,27,23,
31,39,49,99,48,26,23,24,
31,41,50,103,50,27,24,25,
29,38,50,100,49,28,23,24,
27,38,54,102,50,27,23,24,
25,37,45,102,50,27,22,23,
26,37,44,59,38,28,25,24,
28,37,43,48,35,25,26,24,
30,34,43,55,35,25,26,23,
31,35,41,65,35,26,27,25,
30,34,43,63,34,27,26,24,
29,37,44,74,33,26,24,22,
29,43,45,77,32,26,23,22,
26,42,43,72,30,25,24,22,
29,42,39,62,32,22,24,21,
30,42,48,108,46,22,24,22,
32,42,48,106,48,24,24,23,
30,42,49,104,45,26,24,23,
29,42,50,105,48,26,22,25,
29,45,54,107,48,26,23,26,
29,44,46,62,34,25,22,25,
29,44,42,51,30,25,22,24,
33,47,47,55,32,23,20,25,
31,46,44,54,30,23,23,23,
30,43,40,58,29,23,22,21,
30,43,39,59,32,23,22,23,
27,44,40,56,31,23,22,24,
23,37,40,98,39,23,25,25,
26,39,39,106,44,25,27,26,
25,41,39,105,41,23,28,27,
26,40,40,106,43,28,27,26,
28,40,41,107,114,38,27,26,
30,38,37,79,248,50,25,26,
35,41,42,78,264,65,66,35,
35,39,41,84,268,89,74,36,
37,36,42,85,275,99,108,40,
37,38,60,119,257,113,127,49,
52,45,64,123,148,132,160,63,
60,56,69,137,140,217,163,83,
78,62,87,213,162,293,230,113,
128,78,90,285,178,342,268,167,
201,101,99,472,258,378,374,295,
251,128,105,506,288,475,462,432,
269,141,112,562,350,655,648,605,
279,146,113,574,358,787,834,692,
304,162,145,691,445,873,996,790,
352,189,167,633,484,999,999,850,
419,229,183,649,483,1016,1001,930,
441,243,235,776,498,964,964,896,
484,267,256,929,536,904,848,896,
594,300,276,950,586,921,797,929,
624,318,296,1047,629,845,938,1028,
639,304,333,1202,725,955,1002,1031,
742,330,340,1299,791,968,1042,1173,
803,364,416,1341,899,1020,1121,1318,
766,347,410,1326,862,1098,1165,1324,
757,333,405,1332,851,1124,1052,1264,
812,337,425,1279,806,1060,1067,1297,
784,327,466,1249,820,1069,1046,1246,
793,305,400,1183,713,1093,1044,1217,
779,300,397,1168,706,1042,999,1195,
788,310,418,1117,669,1038,1035,1267,
780,303,448,1185,674,1016,1036,1320,
734,288,413,1092,584,1039,1058,1346,
700,272,447,1043,605,1028,1068,1270,
786,322,505,1188,822,1014,1049,1353,
858,333,530,1278,885,1075,1074,1398,
818,333,488,1224,882,1119,1062,1315,
889,354,459,1188,874,1072,1063,1271,
870,351,454,1230,835,1009,1036,1345,
771,379,315,1144,652,1078,1134,1177,
714,351,323,1128,637,1141,1019,1063,
741,350,323,1076,620,1109,993,1096,
753,371,331,985,645,1063,1082,1118,
612,314,300,1021,665,1104,1005,1056,
616,286,309,1083,674,1049,998,1099,
609,286,308,1051,652,1015,1096,1157,
648,272,321,1188,609,1069,1007,1211,
631,268,352,1175,568,1096,1053,1170,
704,281,316,1102,530,1074,921,1206,
742,266,308,1106,523,1005,870,1306,
715,269,319,1153,589,993,902,1327,
701,268,283,1126,569,884,865,1309,
706,275,197,1004,541,803,831,1324,
694,277,216,1060,555,880,957,1299,
674,281,203,1089,522,859,1010,1267,
664,274,180,993,462,907,1009,1208,
657,278,192,912,437,972,1148,1178,
653,273,188,986,457,1062,1161,1261,
605,256,161,962,459,1048,1064,1258,
524,213,201,920,450,1122,1047,1296,
498,189,200,908,410,1126,977,1257,
463,184,188,855,370,1056,926,1200,
430,169,188,724,341,969,897,1155,
512,180,192,683,306,916,959,1201,
481,177,171,748,334,842,896,1080,
470,173,177,765,362,758,867,1036,
536,193,203,871,437,820,786,1110,
472,193,225,948,451,808,609,984,
484,197,251,1003,503,848,621,1013,
597,222,263,1114,564,889,689,1057,
582,207,248,1029,533,882,711,1155,
592,197,246,990,530,943,766,1211,
592,201,288,1052,579,971,833,1224,
578,196,280,1039,558,911,806,1168,
534,201,285,872,462,1007,826,1262,
513,204,280,825,445,1025,772,1217,
677,273,292,896,447,1034,876,1275,
704,288,216,856,380,1137,1007,1306,
661,269,190,975,427,972,947,1227,
641,256,198,1059,463,964,988,1175,
460,172,183,1072,483,906,946,1103,
400,144,180,1021,462,984,901,1001,
464,157,183,986,452,991,872,1213,
609,183,213,803,370,912,962,1406,
565,173,219,855,370,834,956,1241,
510,182,206,813,361,729,879,1177,
516,184,237,891,436,816,571,1366,
499,171,226,912,414,796,542,1166,
537,176,218,995,396,891,609,1203,
562,161,220,993,395,1002,675,1233,
614,181,238,1079,394,1002,714,1204,
668,209,209,1017,398,915,780,1328,
667,225,220,1026,459,869,807,1356,
680,241,246,1008,540,850,777,1293,
666,257,256,982,557,830,808,1279,
696,296,234,821,527,859,823,1282,
689,317,313,995,701,920,839,1080,
764,319,384,1136,840,1081,867,1251,
844,356,388,1311,856,1056,864,1306,
856,375,337,1274,594,929,966,1274,
809,355,327,1097,537,897,942,1276,
743,334,335,1100,584,823,811,1287,
679,307,334,1043,565,866,684,1264,
607,247,314,962,532,862,640,1218,
520,214,294,985,494,771,504,1084,
407,162,265,949,441,750,592,1023,
457,201,197,821,355,692,670,1129,
522,213,213,928,427,672,755,1254,
511,224,297,1046,548,707,789,1317,
540,228,344,1103,643,758,885,1353,
662,293,394,1065,639,925,903,1415,
773,361,453,1187,736,1014,946,1367,
786,363,468,1198,805,1090,1086,1371,
828,382,437,1129,748,1185,1100,1386,
772,364,406,1146,787,1065,1163,1364,
749,324,430,1185,795,1113,1190,1377,
561,241,397,1206,625,975,914,1237,
526,209,398,1203,577,956,803,1233,
508,205,339,1095,534,893,753,1185,
532,242,360,1012,496,863,789,1239,
538,256,345,1035,567,970,934,1185,
554,243,317,893,509,894,996,1114,
554,244,295,888,503,981,995,1103,
444,169,190,814,352,769,787,942,
352,151,181,753,327,735,671,789,
309,127,183,674,309,575,579,590,
367,126,174,610,294,406,416,456,
336,102,124,466,205,294,228,299,
341,102,103,272,182,173,214,231,
331,84,87,238,162,142,163,188,
316,77,77,183,135,101,132,118,
197,61,55,114,125,65,133,80,
294,65,70,227,450,77,251,136,
521,121,107,401,659,154,411,279,
560,141,132,471,753,193,431,305,
575,151,142,495,859,209,451,320,
576,165,167,548,959,239,455,345,
534,164,168,528,886,239,406,330,
326,127,152,415,747,199,246,225,
311,106,130,328,665,162,181,193,
291,89,122,288,538,141,118,167,
292,53,81,150,335,78,88,94,
256,47,63,88,263,43,72,74,
307,48,62,159,338,48,51,61,
242,46,64,177,322,48,47,47,
236,49,61,180,311,46,42,43,
231,49,66,183,301,45,35,40,
240,46,63,179,291,46,34,37,
244,43,50,109,209,41,33,38,
230,45,48,77,182,37,31,36,
235,43,42,66,141,35,29,33,
236,40,35,52,128,34,30,31,
225,46,42,49,127,33,31,32,
115,47,43,39,68,27,26,26,
109,45,38,33,42,25,25,24,
77,42,45,36,42,27,22,24,
62,45,43,42,38,26,22,24,
53,39,38,44,34,26,21,23,
39,49,58,59,31,26,21,24,
39,62,68,58,30,26,22,23,
39,70,70,59,30,26,23,23,
36,64,61,46,26,26,23,23,
39,65,64,53,30,26,23,22,
38,57,59,49,26,26,24,24,
38,58,58,49,29,26,24,26,
36,50,59,47,30,26,23,25,
37,52,61,45,29,26,23,25,
35,50,58,44,29,23,23,26,
32,42,56,47,26,23,22,24,
30,36,49,41,25,22,23,25,
33,42,53,42,26,24,22,23,
34,41,47,42,25,25,23,22,
34,44,51,41,27,26,21,25,
33,42,44,36,27,25,24,23,
32,45,43,37,27,27,20,21,
34,46,48,45,28,26,21,24,
32,51,48,43,29,26,22,24,
32,51,46,42,28,26,23,23,
32,52,49,49,29,26,22,23,
31,49,48,47,28,27,26,25,
26,44,43,42,26,26,26,24,
28,35,39,41,28,25,25,25,
29,41,37,47,27,24,23,27,
27,40,35,39,25,24,25,27,
28,43,39,39,28,23,21,29,
25,36,34,33,29,22,21,29,
28,34,38,37,26,22,22,28,
27,34,37,44,28,27,21,27,
28,34,40,46,29,27,24,28,
28,40,44,51,27,27,23,26,
29,42,46,50,27,25,23,27,
30,42,43,52,28,26,24,24,
27,41,43,46,24,22,23,23,
29,41,45,46,29,22,21,23,
31,41,44,40,30,22,20,25,
29,37,41,39,30,22,19,24,
28,36,40,38,30,21,18,26,
31,38,43,39,31,22,19,26,
30,43,37,38,27,24,19,25,
31,42,41,42,27,24,23,24,
32,40,42,44,27,25,24,23,
34,43,46,43,25,26,25,24,
37,52,50,43,25,26,24,25,
38,52,60,42,28,27,25,25,
35,51,55,40,27,26,23,24,
36,52,58,39,28,27,23,24,
34,51,55,38,29,28,23,23,
30,41,50,43,32,27,26,22,
30,37,44,43,30,25,24,22,
30,36,44,41,29,26,24,23,
32,38,41,41,31,23,24,23,
30,38,41,42,31,24,25,22,
31,36,43,37,27,24,22,22,
30,38,43,34,27,25,24,23,
31,37,41,49,30,24,25,22,
28,31,41,50,30,27,26,24,
31,46,44,55,30,27,29,25,
36,46,43,59,37,31,36,31,
36,47,46,60,40,39,56,41,
44,51,55,140,77,53,71,49,
48,52,59,161,83,73,94,55,
48,44,58,170,97,87,97,58,
49,46,59,215,139,107,104,57,
50,45,56,236,171,134,153,59,
60,44,67,278,177,157,152,68,
66,50,67,300,191,179,191,74,
65,50,75,317,189,248,293,78,
81,56,82,367,200,284,359,103,
109,72,95,446,215,326,347,154,
115,77,88,458,353,370,440,346,
174,102,117,573,453,430,490,413,
204,117,136,729,491,581,616,598,
228,120,141,776,595,638,688,690,
313,168,159,760,612,798,807,789,
402,228,224,865,653,949,829,967,
544,265,231,843,640,1004,945,1035,
556,273,233,838,673,1032,971,1064,
658,302,323,945,610,1108,998,1177,
719,309,357,1048,678,1159,1087,1316,
782,323,334,1038,756,1098,1131,1275,
791,323,368,1129,777,1067,1089,1388,
905,366,386,1151,773,1082,1093,1451,
872,365,372,1168,780,1095,1146,1384,
851,356,351,1227,847,1053,1150,1335,
817,336,394,1283,784,1099,1286,1325,
766,339,358,1252,772,1196,1324,1180,
669,312,372,1268,837,1214,1258,1097,
667,308,360,1240,830,1163,1188,1101,
707,309,374,1178,767,1139,1148,1111,
738,300,325,1064,699,1149,1011,1147,
761,282,337,1002,729,1098,975,1341,
746,285,359,960,762,1078,1025,1358,
972,407,395,1100,899,1194,1114,1533,
977,415,375,1153,853,1156,1130,1545,
988,436,378,1182,847,1119,1067,1566,
566,257,241,937,410,862,841,1198,
534,260,271,1010,461,836,940,1121,
640,299,345,1057,594,888,1067,1298,
701,313,337,1081,584,819,1009,1377,
729,326,329,1091,581,865,993,1342,
741,335,337,1109,598,961,1035,1269,
749,330,327,1084,569,983,1022,1260,
659,296,242,1054,472,920,914,1124,
610,289,241,947,449,893,970,1002,
621,285,256,931,426,1040,1000,1008,
657,289,291,1057,539,1006,946,1126,
621,256,287,1057,526,1081,945,1175,
658,268,311,1078,580,1102,948,1152,
634,249,361,1083,603,1086,923,1209,
612,242,362,1105,612,938,846,1220,
621,244,332,1016,508,963,977,1267,
552,222,339,1046,582,800,883,1187,
501,213,350,1059,515,815,836,1135,
483,203,288,1010,469,853,818,1136,
424,185,273,975,445,853,807,1093,
474,243,338,1155,498,835,730,941,
454,229,321,1009,380,787,682,932,
488,237,328,1026,390,830,778,958,
528,255,330,1022,401,856,804,1034,
439,188,280,880,398,915,826,1011,
459,206,286,919,437,987,893,1080,
459,205,249,857,466,985,889,1067,
424,194,273,975,592,953,823,989,
511,224,270,961,586,901,824,967,
483,222,278,928,579,784,756,1011,
568,254,271,976,588,874,742,987,
607,263,259,964,568,899,745,1085,
711,286,220,842,438,884,801,1119,
701,278,241,841,477,943,866,1239,
714,272,211,867,478,973,914,1221,
667,243,228,899,451,950,897,1199,
637,236,230,978,458,926,974,1250,
616,261,255,1042,520,1081,1028,1332,
687,291,252,1140,583,1279,1099,1378,
711,303,269,1156,630,1292,1097,1379,
714,303,251,1108,649,1249,1154,1379,
724,313,253,1069,689,1332,1123,1308,
674,284,264,1095,700,1230,1021,1196,
583,274,333,1180,708,1027,991,981,
703,330,338,1079,595,1134,1167,1339,
690,314,300,1047,586,1120,1164,1272,
545,193,293,827,396,1116,918,1141,
517,187,340,945,397,1119,880,1175,
524,196,335,996,434,1007,797,1178,
601,246,369,968,450,991,781,1235,
580,259,330,938,475,1068,885,1329,
591,276,350,981,535,1097,840,1278,
704,328,316,914,592,1072,883,1338,
706,340,363,903,644,1100,899,1371,
671,317,356,914,629,1067,924,1258,
616,291,370,992,641,944,884,1147,
557,223,380,1002,617,904,916,1091,
543,193,370,1100,638,869,864,1044,
467,168,319,1004,667,975,881,1027,
573,216,313,911,634,990,865,1071,
487,201,296,873,562,987,766,1192,
472,198,274,895,553,1003,714,1203,
533,216,185,711,458,1018,778,1240,
576,226,214,761,392,939,777,1302,
498,178,192,812,402,905,794,1283,
496,182,209,890,479,794,757,1102,
515,187,202,809,491,805,767,1058,
454,173,229,912,546,782,741,1062,
395,159,198,847,574,691,630,944,
334,147,196,754,592,631,504,860,
405,168,132,496,572,658,316,737,
434,171,136,591,565,645,350,798,
444,174,134,588,555,702,357,781,
306,126,124,616,543,685,328,816,
311,125,144,613,563,652,485,847,
313,130,157,696,524,685,496,832,
309,136,223,700,470,787,478,782,
463,164,246,796,554,705,647,848,
403,118,208,667,513,420,378,717,
433,108,197,619,487,346,274,622,
635,132,140,539,453,339,257,581,
726,140,96,350,433,183,233,472,
851,155,82,262,404,167,216,368,
859,152,83,245,451,170,189,213,
701,131,70,239,567,174,193,187,
685,125,75,239,591,177,189,163,
599,107,74,242,606,170,240,149,
584,106,76,222,604,143,231,181,
577,102,74,204,566,113,230,182,
595,105,72,183,479,104,208,166,
510,83,70,191,454,97,204,147,
466,102,72,202,442,97,122,141,
416,103,58,184,374,99,81,90,
412,106,60,183,364,91,68,79,
339,99,48,158,275,80,45,54,
225,73,42,111,205,67,32,35,
178,53,42,73,109,43,31,32,
140,44,32,51,61,32,28,30,
126,44,34,42,58,27,26,26,
86,42,32,38,48,28,27,24,
68,32,28,32,36,24,26,26,
49,34,28,30,30,23,24,27,
42,37,28,29,25,23,25,26,
40,42,38,35,22,23,25,27,
38,44,40,36,23,22,26,27,
34,46,43,42,28,22,25,27,
36,47,44,39,30,23,25,28,
35,48,44,39,30,24,24,27,
35,47,43,31,27,25,26,24,
33,46,43,32,27,25,26,25,
33,44,42,35,28,28,27,23,
29,39,38,34,26,27,28,22,
30,44,43,36,26,26,29,24,
27,43,38,28,22,25,25,27,
26,42,41,33,20,26,24,28,
24,31,34,40,26,24,22,27,
22,32,36,42,30,25,24,27,
23,33,37,41,32,24,23,25,
23,34,37,44,32,25,24,25,
24,33,35,42,34,24,24,24,
25,33,36,38,50,25,25,24,
26,33,34,45,84,24,23,23,
28,38,47,64,263,26,27,28,
31,41,53,68,297,27,30,29,
34,44,60,65,296,27,31,31,
36,45,65,63,288,31,32,31,
33,42,55,56,234,28,30,29,
33,42,57,52,176,28,29,29,
30,44,53,46,103,27,25,29,
27,42,47,42,85,27,26,27,
26,40,38,37,72,23,25,26,
26,43,39,34,61,24,24,25,
29,39,40,37,34,23,24,25,
31,43,44,41,29,22,23,27,
31,42,48,42,28,22,25,26,
31,42,47,42,27,23,26,27,
28,45,41,36,37,24,25,26,
24,42,39,33,36,24,25,24,
26,45,43,36,29,24,25,24,
27,50,41,37,31,23,25,24,
26,46,41,38,31,24,25,22,
25,44,42,37,30,24,25,22,
28,47,44,37,30,23,23,22,
26,39,33,32,28,18,24,25,
26,39,35,31,27,19,24,25,
30,47,37,32,25,21,24,27,
28,45,36,28,31,21,24,24,
29,43,41,32,31,24,24,26,
27,42,39,32,31,25,22,25,
28,46,39,34,45,26,22,25,
26,37,39,36,43,26,21,22,
28,37,39,37,39,25,21,25,
26,37,34,33,41,24,21,23,
28,43,35,33,42,25,23,24,
26,36,34,33,27,25,22,25,
25,36,34,31,29,24,22,24,
25,38,35,30,29,27,23,24,
28,42,36,31,27,27,25,23,
27,38,33,35,26,24,26,22,
27,36,35,35,25,23,27,23,
31,39,37,36,25,24,30,24,
30,37,38,39,25,21,27,22,
28,34,36,37,28,23,27,22,
30,35,39,36,31,23,26,24,
31,40,39,34,31,24,25,21,
28,40,36,34,34,25,25,22,
28,39,35,30,35,25,24,23,
26,37,31,39,68,23,26,25,
25,35,30,41,73,21,24,26,
25,38,32,42,74,22,25,25,
25,39,29,34,67,40,25,24,
24,42,36,79,77,54,23,20,
26,41,39,96,90,55,26,21,
28,43,37,100,91,56,26,22,
27,41,38,105,95,48,31,26,
26,40,34,82,81,38,32,27,
28,42,32,61,94,38,31,26,
27,40,33,82,106,39,37,27,
32,40,50,129,122,43,41,27,
35,39,48,133,122,43,59,34,
91,42,49,134,123,48,60,41,
144,41,45,98,166,63,160,110,
229,47,54,117,254,95,179,123,
292,51,60,153,297,110,204,165,
445,56,61,159,358,262,248,231,
510,58,66,180,419,386,252,320,
510,65,118,366,437,483,290,324,
487,65,122,407,452,508,352,324,
479,66,123,476,489,527,415,311,
379,83,149,487,465,568,417,289,
286,84,152,555,423,558,503,190,
279,86,173,663,406,492,601,197,
277,100,187,663,429,590,791,237,
236,117,206,646,454,755,966,329,
167,110,199,742,476,842,1115,360,
185,126,219,825,564,998,1221,524,
198,144,228,781,685,1130,1254,550,
230,148,254,949,716,1237,1191,611,
311,171,322,1110,846,1248,1208,729,
384,244,347,1192,1004,1281,1127,846,
455,257,349,1174,1010,1198,1113,867,
480,264,358,1264,1135,1171,1127,964,
537,295,357,1181,1139,1145,1222,1008,
496,279,370,1144,1105,1141,1200,982,
478,232,491,1148,1044,1061,1273,900,
469,255,486,1094,1038,1119,1199,830,
497,286,514,1178,1007,1194,1225,953,
509,292,462,1128,995,1143,1113,931,
525,298,405,1137,993,1220,1129,1018,
522,295,412,1114,956,1188,1199,1036,
492,276,407,1167,955,1231,1184,1020,
382,212,353,1141,1009,1123,1058,882,
389,216,350,1161,988,1247,1158,908,
362,213,229,1058,969,1162,1056,831,
396,211,199,997,832,1272,1110,906,
408,226,214,1054,794,1305,1180,882,
458,249,287,1083,781,1283,1256,839,
466,257,300,1066,751,1163,1271,822,
551,297,316,1066,722,1245,1293,920,
537,313,347,1100,763,1171,1303,927,
524,315,365,1080,888,1052,1298,954,
508,306,346,1035,871,1080,1242,941,
520,306,343,1094,921,1185,1175,986,
458,289,359,1082,912,1235,1224,911,
478,299,430,1121,995,1190,1184,829,
495,289,418,1094,1063,1214,1151,883,
482,281,391,1007,1063,1164,1129,977,
463,270,387,889,998,1075,1171,957,
344,173,316,1084,954,1000,1080,963,
349,188,290,1098,800,979,1058,893,
385,202,298,1095,840,1036,1075,875,
399,225,328,1104,887,1090,1083,855,
421,232,319,1013,841,1110,1153,856,
477,255,290,930,869,1030,1110,945,
494,259,289,807,810,1040,1087,938,
487,246,278,812,743,997,1045,898,
468,230,264,898,784,986,1039,889,
455,222,283,852,790,945,993,810,
429,190,256,758,715,965,1035,874,
425,187,256,797,698,972,1016,951,
391,177,256,880,810,976,1116,984,
408,178,235,791,721,940,1108,984,
421,178,201,722,699,921,1150,1050,
340,155,224,734,824,829,906,905,
317,161,244,784,842,896,904,829,
304,170,275,922,823,1020,989,947,
288,163,229,845,747,1012,1029,947,
283,162,226,832,672,1055,1013,846,
298,170,218,845,744,967,958,925,
297,172,209,728,768,979,933,801,
308,182,195,675,703,925,943,719,
324,187,191,685,720,1011,929,746,
378,182,174,707,644,1023,879,854,
390,194,195,766,687,983,940,848,
369,180,206,799,643,881,903,818,
385,210,204,785,755,937,947,713,
459,222,265,888,905,1028,990,806,
439,206,209,811,693,1021,944,784,
386,189,244,836,753,933,885,723,
333,170,231,791,786,942,858,664,
309,164,211,680,700,882,736,537,
270,142,195,655,700,862,692,479,
207,118,195,636,620,788,594,526,
196,108,203,738,588,698,503,558,
194,110,194,688,539,650,476,564,
220,98,183,667,524,492,448,635,
235,104,191,704,520,430,500,636,
232,90,124,497,452,411,417,593,
225,76,109,426,425,346,390,526,
241,85,105,383,360,373,380,385,
206,81,100,376,343,391,361,356,
102,49,55,97,114,201,106,82,
73,48,57,81,94,143,87,69,
68,48,56,57,65,103,60,51,
50,42,54,49,52,75,48,41,
40,38,46,48,41,60,36,39,
55,35,44,49,46,52,35,35,
53,34,40,47,80,48,33,31,
64,35,37,61,117,47,91,34,
83,45,37,67,147,44,100,34,
137,80,69,201,237,98,187,116,
144,89,78,220,266,110,198,128,
150,90,82,223,273,109,201,131,
149,89,82,223,261,110,182,132,
142,85,80,228,250,111,178,135,
96,56,60,137,174,70,134,85,
42,44,40,67,89,31,120,43,
28,41,32,34,76,23,61,25,
36,48,51,37,64,23,46,26,
37,47,55,41,65,24,41,24,
36,46,57,40,45,28,36,26,
39,45,59,47,46,27,33,27,
40,49,63,51,43,24,25,27,
31,43,53,49,41,25,23,24,
32,46,50,47,33,27,24,24,
30,38,45,46,31,23,23,21,
32,41,49,44,29,22,24,21,
29,35,43,41,27,22,24,22,
28,37,40,36,23,21,23,24,
27,34,38,34,22,21,23,24,
29,37,39,36,24,20,22,27,
25,33,40,36,26,22,25,28,
25,34,40,35,29,23,26,27,
27,29,40,36,30,21,26,28,
34,43,55,44,31,22,26,30,
32,41,56,45,30,23,27,28,
31,43,51,39,27,22,22,26,
31,43,51,46,32,22,22,28,
33,45,52,50,41,22,22,26,
27,34,39,50,45,22,21,24,
30,39,40,50,46,23,22,25,
31,34,41,51,46,20,24,27,
31,36,41,46,42,21,23,25,
30,34,41,41,33,22,25,31,
32,35,47,36,28,21,27,33,
32,33,43,33,27,23,26,34,
32,32,43,31,25,22,26,33,
31,31,46,32,26,23,25,29,
29,32,42,34,27,25,23,29,
27,30,37,33,26,25,21,29,
25,29,37,34,25,26,22,28,
27,32,36,34,24,25,23,28,
32,33,41,34,22,26,23,25,
31,33,41,31,20,24,24,25,
33,34,42,33,21,25,22,26,
32,32,37,31,23,25,22,23,
29,32,41,32,27,26,25,26,
29,33,48,37,27,26,25,27,
27,32,47,36,27,24,26,27,
29,32,48,37,26,24,26,28,
44,31,44,35,21,25,23,31,
44,32,42,34,23,27,23,32,
42,27,29,24,24,26,23,28,
45,28,37,32,25,27,24,29,
43,32,38,32,27,27,24,30,
30,37,44,35,28,26,26,27,
30,36,45,34,28,24,24,29,
26,34,41,30,27,25,22,26,
27,33,38,29,24,24,22,26,
27,35,44,31,26,26,24,28,
23,30,39,28,24,24,23,24,
23,35,38,32,25,26,24,29,
23,33,37,29,24,26,24,30,
31,40,54,40,28,27,26,32,
31,37,51,40,27,25,23,31,
34,40,52,40,28,27,25,33,
33,37,51,39,27,26,24,27,
34,39,52,42,28,25,25,28,
27,30,37,33,26,26,23,24,
26,31,32,31,25,25,24,25,
24,30,33,30,25,26,25,23,
26,30,32,29,25,25,25,25,
30,34,39,30,22,26,21,25,
29,34,41,30,23,29,22,26,
29,35,42,31,25,28,22,25,
26,34,38,27,24,24,22,24,
30,36,37,28,24,25,24,27,
26,30,32,25,24,22,25,26,
27,30,31,23,24,22,23,25,
26,29,27,23,24,21,23,26,
29,32,28,24,25,22,23,26,
29,36,31,25,28,22,22,27,
27,35,32,26,29,24,22,27,
27,39,33,29,28,21,23,27,
27,40,34,28,27,22,23,27,
25,39,31,27,28,23,23,27,
23,36,29,26,24,23,22,22,
25,39,31,27,27,23,23,24,
26,36,29,24,26,24,23,24,
26,34,29,24,28,24,23,24,
25,40,32,23,38,23,23,23,
21,36,31,25,51,28,24,23,
24,40,33,26,59,29,24,24,
